source,target,weight
AAT,TLQ,11
AAT,URC,466
AAT,YIN,5
ACX,CAN,46
ACX,CKG,1
ACX,CSX,14
ACX,CTU,74
ACX,FOC,24
ACX,HAK,10
ACX,KMG,173
ACX,KWE,1113
ACX,LHW,1
ACX,LJG,165
ACX,NAY,85
ACX,NGB,71
ACX,SHA,70
ACX,SZX,17
ACX,WUH,2
ACX,XIY,25
AEB,CAN,41
AEB,CKG,45
AEB,KWL,19
AEB,SZX,5
AHJ,CKG,6
AHJ,CTU,16
AKU,CGO,1
AKU,CKG,37
AKU,CTU,16
AKU,HTN,40
AKU,URC,453
AKU,XIY,18
AOG,CAN,65
AOG,CTU,2
AOG,PEK,61
AOG,PVG,97
AOG,SWA,1
AQG,CAN,16
AQG,CTU,4
AQG,HAK,96
AQG,KMG,55
AQG,NGB,60
AQG,PEK,93
AQG,SHA,84
AQG,SZX,18
AQG,TVS,15
AQG,XIY,150
AQG,XMN,15
AVA,CAN,15
AVA,CKG,91
AVA,HAK,23
AVA,HGH,62
AVA,JHG,71
AVA,KMG,69
AVA,KWL,10
AVA,LHW,2
AVA,LJG,117
AVA,NAY,19
AVA,NKG,2
AVA,SHA,11
AVA,SYX,48
AVA,SZX,4
AVA,XIY,19
AXF,BAV,2
AXF,DSN,1
AXF,EJN,35
AXF,HET,262
AXF,INC,5
AXF,RHT,93
AXF,XIY,50
BAR,CGO,2
BAR,CSX,1
BAR,CTU,4
BAR,HGH,3
BAR,KHN,9
BAR,KMG,1
BAR,KWE,11
BAR,LHW,4
BAR,NTG,8
BAR,PEK,3
BAR,SHA,1
BAR,SJW,1
BAR,SWA,1
BAR,SZX,1
BAR,TAO,18
BAR,TNA,3
BAR,TYN,1
BAR,XMN,1
BAR,XUZ,6
BAR,YNT,1
BAR,YTY,1
BAR,ZUH,6
BAV,CAN,56
BAV,CGO,32
BAV,CGQ,35
BAV,CIF,15
BAV,CKG,59
BAV,CSX,4
BAV,CTU,5
BAV,DLC,27
BAV,HGH,35
BAV,HLD,21
BAV,HRB,8
BAV,KMG,29
BAV,LHW,2
BAV,LYA,73
BAV,NAY,97
BAV,NKG,151
BAV,PEK,84
BAV,PVG,90
BAV,SHA,20
BAV,SHE,49
BAV,SJW,173
BAV,SZX,6
BAV,TSN,45
BAV,TYN,8
BAV,URC,13
BAV,WUH,38
BAV,XIY,29
BAV,YIE,1
BFJ,CAN,67
BFJ,CKG,251
BFJ,CSX,15
BFJ,CTU,116
BFJ,HAK,153
BFJ,HGH,69
BFJ,JHG,13
BFJ,KMG,184
BFJ,KWE,581
BFJ,LHW,11
BFJ,LJG,76
BFJ,NAY,53
BFJ,NKG,7
BFJ,NNG,79
BFJ,SHA,17
BFJ,SYX,35
BFJ,SZX,78
BFJ,WUH,19
BFJ,XIY,50
BFJ,XMN,35
BHY,CAN,21
BHY,CKG,34
BHY,CSX,39
BHY,CTU,18
BHY,HAK,46
BHY,HFE,68
BHY,HGH,4
BHY,HJJ,26
BHY,KHN,48
BHY,KMG,25
BHY,KWE,51
BHY,KWL,10
BHY,LJG,11
BHY,LZH,8
BHY,NKG,13
BHY,PEK,24
BHY,PVG,62
BHY,SHA,7
BHY,SJW,2
BHY,SZX,47
BHY,WNZ,20
BHY,WUH,26
BHY,XIY,5
BHY,ZYI,24
BPE,CGO,9
BPE,CTU,68
BPE,HET,4
BPE,HRB,26
BPE,NKG,20
BPE,PVG,13
BPE,SJW,62
BPE,TAO,21
BPE,XUZ,17
BPE,ZQZ,12
BPL,URC,216
BPX,CKG,74
BPX,CTU,18
BPX,LXA,32
BSD,HGH,25
BSD,KMG,331
BSD,PEK,13
BSD,XIY,2
CAN,ACX,25
CAN,AEB,58
CAN,AOG,22
CAN,AQG,21
CAN,AVA,5
CAN,BAR,2
CAN,BAV,62
CAN,BFJ,41
CAN,BHY,20
CAN,CGD,71
CAN,CGO,320
CAN,CGQ,199
CAN,CIH,17
CAN,CKG,617
CAN,CSX,222
CAN,CTU,612
CAN,CZX,287
CAN,DAX,17
CAN,DIG,19
CAN,DLC,124
CAN,DLU,2
CAN,DYG,50
CAN,ENY,1
CAN,FOC,213
CAN,FUG,23
CAN,GYS,74
CAN,HAK,1090
CAN,HDG,32
CAN,HET,109
CAN,HFE,343
CAN,HGH,890
CAN,HIA,20
CAN,HJJ,24
CAN,HLD,18
CAN,HRB,203
CAN,HYN,112
CAN,HZH,12
CAN,INC,4
CAN,IQN,2
CAN,JDZ,60
CAN,JGS,134
CAN,JIQ,13
CAN,JJN,151
CAN,JNG,114
CAN,JUH,24
CAN,JZH,5
CAN,KHG,2
CAN,KHN,277
CAN,KJH,11
CAN,KMG,420
CAN,KOW,43
CAN,KWE,193
CAN,KWL,8
CAN,LFQ,14
CAN,LHW,97
CAN,LJG,124
CAN,LLB,42
CAN,LPF,7
CAN,LUM,9
CAN,LXA,2
CAN,LYA,28
CAN,LYG,33
CAN,LYI,172
CAN,LZH,17
CAN,LZO,69
CAN,LZY,19
CAN,MIG,46
CAN,MXZ,192
CAN,NAO,68
CAN,NAY,65
CAN,NGB,363
CAN,NKG,974
CAN,NNG,58
CAN,NNY,68
CAN,NTG,214
CAN,PEK,780
CAN,PEN,1
CAN,PNH,3
CAN,PVG,254
CAN,RIZ,4
CAN,SHA,1307
CAN,SHE,251
CAN,SJW,80
CAN,SQJ,4
CAN,SWA,209
CAN,SYX,465
CAN,SZX,1
CAN,TAO,303
CAN,TEN,50
CAN,TNA,363
CAN,TSN,321
CAN,TVS,21
CAN,TXN,63
CAN,TYN,177
CAN,URC,280
CAN,WDS,25
CAN,WEF,63
CAN,WNZ,407
CAN,WUH,391
CAN,WUS,29
CAN,WUT,22
CAN,WUX,456
CAN,WXN,46
CAN,XFN,40
CAN,XIY,584
CAN,XMN,350
CAN,XNN,38
CAN,XUZ,75
CAN,YBP,77
CAN,YCU,63
CAN,YIC,55
CAN,YIH,103
CAN,YIW,197
CAN,YNT,14
CAN,YNZ,77
CAN,YTY,54
CAN,ZHA,447
CAN,ZYI,76
CGD,CAN,57
CGD,FOC,1
CGD,HAK,44
CGD,KMG,69
CGD,NKG,1
CGD,NNG,31
CGD,PEK,25
CGD,SHA,73
CGD,SHE,3
CGD,SZX,29
CGD,TSN,3
CGD,XIY,32
CGD,XMN,11
CGO,AKU,3
CGO,BAR,5
CGO,BAV,38
CGO,BHY,2
CGO,BPE,3
CGO,CAN,324
CGO,CGQ,45
CGO,CIF,1
CGO,CKG,542
CGO,CTU,290
CGO,DLC,259
CGO,DOY,12
CGO,DSN,23
CGO,DYG,1
CGO,FOC,199
CGO,HAK,246
CGO,HET,391
CGO,HFE,91
CGO,HGH,351
CGO,HLD,10
CGO,HMI,2
CGO,HRB,310
CGO,INC,129
CGO,JJN,179
CGO,JZH,27
CGO,KHN,34
CGO,KJH,19
CGO,KMG,546
CGO,KRL,79
CGO,KRY,16
CGO,KWE,153
CGO,KWL,71
CGO,LHW,283
CGO,LJG,119
CGO,LPF,31
CGO,LXA,121
CGO,LZH,16
CGO,LZO,5
CGO,MIG,31
CGO,MXZ,36
CGO,NGB,132
CGO,NKG,57
CGO,NNG,208
CGO,NNY,5
CGO,NTG,20
CGO,NZH,2
CGO,PEK,57
CGO,PVG,298
CGO,RIZ,18
CGO,SHA,147
CGO,SHE,143
CGO,SHF,6
CGO,SWA,87
CGO,SYX,209
CGO,SZX,372
CGO,TAO,203
CGO,TEN,58
CGO,TNA,14
CGO,TSN,138
CGO,TXN,6
CGO,UCB,18
CGO,URC,361
CGO,UYN,75
CGO,WDS,2
CGO,WEH,15
CGO,WNZ,168
CGO,WUH,1
CGO,XFN,12
CGO,XMN,436
CGO,XNN,187
CGO,YIW,68
CGO,YNJ,8
CGO,YNT,70
CGO,YTY,18
CGO,ZHA,41
CGO,ZUH,249
CGO,ZYI,15
CGQ,BAV,48
CGQ,CAN,136
CGQ,CGO,131
CGQ,CKG,23
CGQ,CSX,84
CGQ,CTU,3
CGQ,CZX,4
CGQ,DLC,3
CGQ,DSN,30
CGQ,FOC,2
CGQ,HAK,7
CGQ,HET,66
CGQ,HFE,7
CGQ,HGH,64
CGQ,HIA,12
CGQ,HLD,2
CGQ,INC,9
CGQ,KHN,2
CGQ,KMG,1
CGQ,LHW,7
CGQ,LYG,2
CGQ,LYI,26
CGQ,NBS,143
CGQ,NGB,92
CGQ,NKG,292
CGQ,NTG,6
CGQ,NZH,2
CGQ,PEK,230
CGQ,PVG,455
CGQ,SHE,1
CGQ,SJW,208
CGQ,SYX,9
CGQ,SZX,76
CGQ,TAO,119
CGQ,TGO,7
CGQ,TNA,81
CGQ,TSN,109
CGQ,TVS,10
CGQ,TYN,103
CGQ,WDS,24
CGQ,WEH,18
CGQ,WNZ,8
CGQ,WUH,82
CGQ,WUX,98
CGQ,XIY,29
CGQ,XMN,16
CGQ,XNN,5
CGQ,XUZ,8
CGQ,YNJ,135
CGQ,YNT,69
CGQ,YTY,13
CGQ,ZUH,1
CHG,DLC,157
CHG,PEK,18
CHG,TSN,34
CIF,BAV,72
CIF,CGO,1
CIF,DLC,131
CIF,HET,338
CIF,HGH,80
CIF,HLD,125
CIF,HRB,75
CIF,NAY,106
CIF,PEK,58
CIF,PVG,1
CIF,SHE,33
CIF,TAO,13
CIF,TNA,1
CIF,TSN,171
CIH,CAN,28
CIH,CKG,48
CIH,CTU,14
CIH,DAT,90
CIH,DLC,4
CIH,HAK,94
CIH,HET,21
CIH,INC,10
CIH,KMG,29
CIH,KWL,39
CIH,NAY,103
CIH,NNG,15
CIH,PEK,62
CIH,PVG,64
CIH,SHE,69
CIH,TAO,9
CIH,TSN,72
CIH,TYN,270
CIH,XIY,3
CIH,XMN,32
CJU,WNZ,1
CKG,AEB,42
CKG,AHJ,9
CKG,AKU,61
CKG,AVA,62
CKG,BAV,51
CKG,BFJ,174
CKG,BHY,13
CKG,BPX,56
CKG,CAN,700
CKG,CGO,400
CKG,CGQ,5
CKG,CIH,92
CKG,CSX,467
CKG,CTU,2
CKG,CZX,311
CKG,DCY,37
CKG,DIG,35
CKG,DLC,19
CKG,DLU,118
CKG,DSN,60
CKG,DYG,13
CKG,ENY,19
CKG,FOC,339
CKG,FUG,41
CKG,GYU,85
CKG,HAK,201
CKG,HCJ,58
CKG,HET,14
CKG,HFE,151
CKG,HGH,783
CKG,HIA,4
CKG,HLD,6
CKG,HLH,1
CKG,HNY,2
CKG,HPG,2
CKG,HRB,7
CKG,HUZ,32
CKG,HYN,73
CKG,HZG,43
CKG,HZH,3
CKG,INC,40
CKG,JHG,93
CKG,JIQ,129
CKG,JJN,325
CKG,JNG,68
CKG,JZH,144
CKG,KGT,5
CKG,KHN,256
CKG,KJH,2
CKG,KMG,938
CKG,KOW,43
CKG,KRL,79
CKG,KWE,490
CKG,KWL,204
CKG,LFQ,30
CKG,LHW,115
CKG,LJG,157
CKG,LLB,19
CKG,LLV,14
CKG,LPF,21
CKG,LUM,2
CKG,LXA,389
CKG,LYA,41
CKG,LYI,66
CKG,LZH,228
CKG,LZY,85
CKG,NGB,190
CKG,NKG,519
CKG,NNG,268
CKG,NNY,3
CKG,NTG,13
CKG,PEK,410
CKG,PVG,561
CKG,PZI,5
CKG,SHA,192
CKG,SHE,25
CKG,SJW,211
CKG,SWA,62
CKG,SYX,345
CKG,SZX,807
CKG,TAO,377
CKG,TCZ,24
CKG,TEN,34
CKG,THQ,44
CKG,TNA,355
CKG,TSN,240
CKG,TXN,14
CKG,TYN,83
CKG,UCB,4
CKG,URC,117
CKG,UYN,64
CKG,WDS,13
CKG,WEH,1
CKG,WNH,6
CKG,WNZ,133
CKG,WUH,228
CKG,WUT,1
CKG,WUX,268
CKG,WUZ,31
CKG,WXN,14
CKG,XFN,72
CKG,XIC,209
CKG,XIY,246
CKG,XMN,662
CKG,XNN,118
CKG,XUZ,4
CKG,YCU,5
CKG,YIH,1
CKG,YIW,99
CKG,YNZ,7
CKG,YTY,46
CKG,ZAT,19
CKG,ZHA,11
CKG,ZQZ,7
CKG,ZUH,106
CNX,CKG,1
CSX,ACX,1
CSX,BAR,14
CSX,BAV,1
CSX,BFJ,5
CSX,BHY,81
CSX,CAN,168
CSX,CGQ,10
CSX,CKG,320
CSX,CTU,244
CSX,CZX,5
CSX,DLC,110
CSX,DLU,51
CSX,DNH,2
CSX,DQA,8
CSX,DSN,32
CSX,DYG,165
CSX,FOC,187
CSX,FUO,18
CSX,HAK,245
CSX,HET,35
CSX,HGH,257
CSX,HIA,3
CSX,HRB,42
CSX,HUZ,7
CSX,HYN,27
CSX,HZH,88
CSX,INC,12
CSX,JHG,23
CSX,JJN,371
CSX,JNG,3
CSX,KMG,397
CSX,KWE,142
CSX,LHW,207
CSX,LJG,166
CSX,LLB,17
CSX,LLF,13
CSX,LLV,9
CSX,LPF,30
CSX,LXA,112
CSX,LYI,4
CSX,LZO,35
CSX,MIG,46
CSX,MXZ,4
CSX,NAY,7
CSX,NBS,3
CSX,NGB,93
CSX,NKG,456
CSX,NNG,231
CSX,NTG,142
CSX,PEK,398
CSX,PVG,150
CSX,SHA,136
CSX,SHE,7
CSX,SJW,36
CSX,SWA,130
CSX,SYM,4
CSX,SYX,180
CSX,SZX,74
CSX,TAO,157
CSX,TCZ,22
CSX,TEN,41
CSX,TLQ,2
CSX,TNA,70
CSX,TSN,362
CSX,TYN,119
CSX,URC,165
CSX,WNZ,52
CSX,WUH,1
CSX,WUX,375
CSX,XIY,205
CSX,XMN,401
CSX,XNN,78
CSX,XUZ,11
CSX,YCU,12
CSX,YNT,34
CSX,YNZ,4
CSX,YTY,32
CSX,ZHA,86
CSX,ZUH,159
CSX,ZYI,47
CTS,PVG,2
CTU,ACX,19
CTU,AHJ,9
CTU,AKU,40
CTU,AOG,15
CTU,AQG,11
CTU,BAR,2
CTU,BAV,5
CTU,BFJ,1
CTU,BHY,15
CTU,BPX,47
CTU,CAN,855
CTU,CGO,217
CTU,CGQ,90
CTU,CIH,25
CTU,CKG,2
CTU,CSX,374
CTU,CZX,128
CTU,DAX,24
CTU,DCY,169
CTU,DIG,13
CTU,DLC,10
CTU,DLU,184
CTU,DSN,29
CTU,DYG,46
CTU,FOC,132
CTU,GXH,6
CTU,HAK,145
CTU,HDG,29
CTU,HET,62
CTU,HFE,167
CTU,HGH,628
CTU,HJJ,12
CTU,HRB,191
CTU,HUZ,67
CTU,INC,139
CTU,JDZ,11
CTU,JGS,100
CTU,JHG,22
CTU,JIQ,19
CTU,JJN,141
CTU,JNG,96
CTU,JUH,101
CTU,JZH,322
CTU,KGT,111
CTU,KHG,18
CTU,KHN,181
CTU,KMG,340
CTU,KOW,33
CTU,KRL,58
CTU,KWE,355
CTU,KWL,123
CTU,LHW,305
CTU,LJG,159
CTU,LXA,628
CTU,LYA,93
CTU,LYG,48
CTU,LZH,47
CTU,LZY,176
CTU,NAY,23
CTU,NGB,40
CTU,NKG,625
CTU,NNG,221
CTU,NNY,217
CTU,PEK,962
CTU,PVG,498
CTU,PZI,75
CTU,RKZ,38
CTU,SHA,339
CTU,SHE,160
CTU,SHF,3
CTU,SJW,99
CTU,SWA,49
CTU,SYM,7
CTU,SYX,276
CTU,SZX,804
CTU,TAO,299
CTU,TCZ,14
CTU,TEN,27
CTU,TGO,1
CTU,TNA,290
CTU,TSN,253
CTU,TXN,9
CTU,TYN,160
CTU,URC,300
CTU,UYN,36
CTU,WNZ,95
CTU,WUH,247
CTU,WUX,193
CTU,WXN,44
CTU,XFN,20
CTU,XIC,125
CTU,XIY,385
CTU,XMN,182
CTU,XNN,130
CTU,XUZ,29
CTU,YBP,1
CTU,YCU,30
CTU,YIC,10
CTU,YIH,25
CTU,YIN,29
CTU,YIW,14
CTU,YNT,40
CTU,YTY,50
CTU,YUS,48
CTU,ZAT,33
CTU,ZHA,31
CTU,ZHY,3
CTU,ZUH,75
CTU,ZYI,45
CWJ,KMG,1
CZX,CAN,198
CZX,CGQ,4
CZX,CKG,309
CZX,CSX,3
CZX,CTU,106
CZX,DLC,27
CZX,DYG,2
CZX,FOC,2
CZX,HRB,241
CZX,INC,1
CZX,KMG,29
CZX,KOW,4
CZX,KWL,10
CZX,PEK,37
CZX,SHE,44
CZX,SZX,196
CZX,TAO,3
CZX,XIY,189
CZX,XMN,296
CZX,YIH,9
CZX,ZUH,38
DAT,CIH,61
DAT,DLC,4
DAT,HET,23
DAT,HRB,8
DAT,INC,21
DAT,NAY,68
DAT,NKG,2
DAT,PEK,5
DAT,PVG,40
DAT,SHE,17
DAT,TSN,7
DAT,TYN,217
DAT,WUH,8
DAT,XIY,8
DAT,XMN,89
DAT,YNT,1
DAX,CAN,46
DAX,CTU,83
DAX,HGH,13
DAX,JJN,45
DAX,KMG,43
DAX,LXA,22
DAX,PEK,59
DAX,PVG,24
DAX,SYX,4
DAX,SZX,31
DBC,TSN,4
DCY,CKG,106
DCY,CTU,156
DCY,KGT,21
DCY,KMG,4
DCY,LZO,26
DCY,XIY,15
DDG,HGH,11
DDG,HRB,8
DDG,PEK,19
DDG,PVG,12
DDG,TAO,24
DDG,TSN,15
DDG,YNT,22
DEL,PVG,1
DIG,CAN,3
DIG,CKG,74
DIG,CTU,100
DIG,JHG,105
DIG,KMG,581
DIG,LUM,8
DIG,LXA,34
DIG,XIY,5
DLC,BAV,53
DLC,CAN,204
DLC,CGO,251
DLC,CGQ,2
DLC,CHG,83
DLC,CIF,56
DLC,CIH,2
DLC,CKG,9
DLC,CSX,49
DLC,CTU,24
DLC,CZX,38
DLC,DAT,1
DLC,DOY,70
DLC,DQA,45
DLC,FOC,13
DLC,HAK,3
DLC,HET,98
DLC,HFE,93
DLC,HGH,372
DLC,HIA,30
DLC,HLD,58
DLC,HLH,11
DLC,HRB,46
DLC,HSN,16
DLC,INC,22
DLC,JMU,11
DLC,JNG,23
DLC,JXA,3
DLC,KHN,29
DLC,KWE,1
DLC,LDS,10
DLC,LFQ,1
DLC,LHW,13
DLC,LPF,1
DLC,LYA,22
DLC,LYG,41
DLC,LYI,213
DLC,MDG,104
DLC,NAY,164
DLC,NBS,20
DLC,NDG,32
DLC,NGB,111
DLC,NKG,439
DLC,NNY,17
DLC,NTG,153
DLC,NZH,2
DLC,PEK,704
DLC,PVG,780
DLC,RIZ,35
DLC,SHE,1
DLC,SHP,25
DLC,SJW,132
DLC,SZX,297
DLC,TAO,503
DLC,TNA,195
DLC,TNH,19
DLC,TSN,385
DLC,TVS,2
DLC,TXN,2
DLC,TYN,147
DLC,UCB,17
DLC,UYN,19
DLC,WEF,29
DLC,WEH,245
DLC,WNZ,5
DLC,WUH,72
DLC,WUX,164
DLC,XIL,10
DLC,XIY,112
DLC,XMN,78
DLC,XUZ,60
DLC,YCU,3
DLC,YNJ,27
DLC,YNT,128
DLC,YNZ,26
DLC,YTY,13
DLC,ZQZ,7
DLU,CAN,6
DLU,CGO,5
DLU,CKG,120
DLU,CSX,20
DLU,CTU,204
DLU,HAK,6
DLU,HGH,42
DLU,JHG,40
DLU,KMG,780
DLU,MIG,8
DLU,NKG,11
DLU,PEK,67
DLU,SHA,9
DLU,TSN,65
DLU,WUH,22
DLU,XIY,1
DNH,CGO,1
DNH,HGH,3
DNH,HTT,9
DNH,JGN,39
DNH,LHW,47
DNH,PEK,11
DNH,PVG,13
DNH,URC,25
DNH,XIY,74
DNH,YZY,49
DOY,CGO,8
DOY,DLC,208
DOY,FUO,6
DOY,HAK,29
DOY,HGH,91
DOY,NAY,1
DOY,NGB,1
DOY,PEK,82
DOY,PVG,35
DOY,SHA,75
DOY,TSN,9
DOY,WUH,1
DOY,XIY,60
DQA,CSX,4
DQA,DLC,4
DQA,HLD,6
DQA,HRB,2
DQA,PEK,17
DQA,SHE,6
DQA,TAO,82
DQA,TSN,18
DQA,WEH,6
DQA,XIY,14
DQA,YNT,20
DSN,CGO,45
DSN,CGQ,23
DSN,CKG,70
DSN,CSX,71
DSN,CTU,51
DSN,FUO,10
DSN,HET,50
DSN,HFE,3
DSN,HLD,4
DSN,HRB,27
DSN,INC,1
DSN,KMG,35
DSN,LHW,16
DSN,NAY,193
DSN,NGB,4
DSN,NKG,53
DSN,PEK,31
DSN,PVG,44
DSN,SHE,33
DSN,SJW,48
DSN,TSN,54
DSN,TYN,61
DSN,UCB,9
DSN,URC,80
DSN,WUA,1
DSN,WUX,1
DSN,XIY,117
DSN,XNN,22
DYG,CAN,32
DYG,CKG,23
DYG,CSX,276
DYG,CTU,27
DYG,CZX,2
DYG,HGH,86
DYG,HIA,13
DYG,HNY,106
DYG,INC,40
DYG,KMG,144
DYG,KWL,51
DYG,LHW,40
DYG,LYG,20
DYG,NGB,5
DYG,NKG,73
DYG,NNG,5
DYG,NTG,1
DYG,PEK,36
DYG,PVG,268
DYG,SHA,12
DYG,SJW,12
DYG,SZX,28
DYG,TAO,44
DYG,TSN,13
DYG,WNZ,16
DYG,WUH,14
DYG,WUX,1
DYG,XIY,54
DYG,YNT,2
EJN,AXF,74
EJN,JGN,10
EJN,RHT,3
ENH,HGH,109
ENH,KMG,5
ENH,SHA,12
ENH,SZX,14
ENH,TSN,10
ENH,TYN,8
ENH,WUH,219
ENH,XIY,209
ENH,XNN,1
ENY,CAN,6
ENY,CKG,26
ENY,NAY,74
ENY,PEK,64
ENY,TAO,5
ENY,XIY,47
ERL,HET,160
ERL,PEK,35
FOC,ACX,4
FOC,AOG,2
FOC,CAN,387
FOC,CGD,3
FOC,CGO,333
FOC,CGQ,1
FOC,CKG,264
FOC,CSX,357
FOC,CTU,138
FOC,CZX,24
FOC,DLC,6
FOC,HAK,99
FOC,HFE,9
FOC,HGH,67
FOC,HIA,12
FOC,HNY,1
FOC,HRB,52
FOC,HSN,26
FOC,HZH,1
FOC,INC,1
FOC,JDZ,16
FOC,JJN,1
FOC,KHN,3
FOC,KJH,1
FOC,KMG,275
FOC,KOW,41
FOC,KWE,243
FOC,KWL,106
FOC,LHW,7
FOC,LPF,2
FOC,LYI,32
FOC,MIG,1
FOC,NAY,3
FOC,NKG,475
FOC,NNG,229
FOC,NTG,12
FOC,PEK,610
FOC,PVG,221
FOC,SHA,380
FOC,SHE,1
FOC,SJW,20
FOC,SWA,6
FOC,SYX,145
FOC,SZX,218
FOC,TAO,395
FOC,TEN,9
FOC,TNA,262
FOC,TSN,276
FOC,TXN,4
FOC,TYN,117
FOC,URC,7
FOC,WUH,343
FOC,WUX,142
FOC,XFN,2
FOC,XIY,260
FOC,XUZ,4
FOC,YIH,56
FOC,YIW,2
FOC,YNT,1
FOC,YNZ,5
FOC,ZUH,86
FSZ,WUH,1
FUG,CAN,32
FUG,CKG,104
FUG,HAK,6
FUG,HGH,57
FUG,NAY,167
FUG,PEK,17
FUG,SHA,51
FUG,SZX,114
FUG,TSN,187
FUG,WNZ,46
FUG,XIY,130
FUG,XMN,92
FUO,CSX,14
FUO,DOY,1
FUO,DSN,15
FUO,HFE,1
FUO,HLD,2
FUO,HSN,31
FUO,KMG,23
FUO,NAY,37
FUO,PVG,178
FUO,TXN,25
FUO,UYN,6
FUO,ZHA,70
FYJ,HRB,61
FYJ,JMU,31
FYN,URC,250
GMQ,XNN,13
GOQ,LXA,1
GOQ,XIY,52
GOQ,XNN,26
GXH,CTU,24
GXH,INC,17
GXH,LXA,36
GXH,XIY,81
GYS,CAN,56
GYS,HGH,59
GYS,PEK,27
GYS,PVG,189
GYS,SZX,48
GYU,CKG,148
GYU,INC,356
GYU,PVG,1
GYU,TSN,75
GYU,XIY,42
HAK,ACX,13
HAK,AQG,38
HAK,AVA,10
HAK,BFJ,48
HAK,BHY,31
HAK,CAN,872
HAK,CGD,28
HAK,CGO,229
HAK,CGQ,10
HAK,CIH,54
HAK,CKG,303
HAK,CSX,254
HAK,CTU,91
HAK,DAT,8
HAK,DLC,4
HAK,DLU,10
HAK,DOY,21
HAK,FOC,39
HAK,FUG,1
HAK,HCJ,36
HAK,HET,32
HAK,HFE,44
HAK,HGH,191
HAK,HIA,1
HAK,HJJ,14
HAK,HNY,3
HAK,HRB,1
HAK,HUZ,99
HAK,HZG,5
HAK,INC,2
HAK,JGS,10
HAK,JIQ,6
HAK,JJN,58
HAK,JNG,10
HAK,KHN,98
HAK,KMG,202
HAK,KOW,73
HAK,KWE,154
HAK,KWL,82
HAK,LFQ,16
HAK,LHW,63
HAK,LLB,6
HAK,LLF,23
HAK,LPF,55
HAK,LYG,10
HAK,LYI,5
HAK,LZH,105
HAK,LZO,29
HAK,MIG,73
HAK,MXZ,42
HAK,NAO,8
HAK,NAY,28
HAK,NGB,166
HAK,NKG,253
HAK,NNG,342
HAK,NNY,1
HAK,NTG,18
HAK,PEK,526
HAK,PVG,293
HAK,RIZ,2
HAK,SHA,1
HAK,SHE,2
HAK,SJW,36
HAK,SWA,156
HAK,SZX,632
HAK,TAO,33
HAK,TEN,59
HAK,TNA,40
HAK,TSN,73
HAK,TXN,9
HAK,TYN,49
HAK,URC,2
HAK,WDS,4
HAK,WEF,1
HAK,WNZ,26
HAK,WUH,230
HAK,WUS,5
HAK,WUT,1
HAK,WXN,14
HAK,XIY,55
HAK,XMN,255
HAK,XUZ,3
HAK,XYI,21
HAK,YIC,4
HAK,YIH,10
HAK,YTY,32
HAK,ZHA,131
HAK,ZUH,176
HCJ,CKG,89
HCJ,HAK,125
HCJ,KWL,18
HDG,CAN,38
HDG,CTU,51
HDG,HET,2
HDG,HGH,23
HDG,HRB,9
HDG,PVG,104
HDG,SHE,41
HDG,SZX,29
HDG,XMN,23
HEK,HRB,125
HEK,OHE,70
HET,AXF,66
HET,BPE,1
HET,CAN,92
HET,CGO,231
HET,CGQ,31
HET,CIF,202
HET,CIH,8
HET,CKG,87
HET,CSX,58
HET,CTU,44
HET,DAT,5
HET,DLC,46
HET,DSN,20
HET,ERL,30
HET,HAK,6
HET,HDG,7
HET,HFE,110
HET,HGH,58
HET,HLD,271
HET,HLH,72
HET,HRB,74
HET,INC,21
HET,JNG,12
HET,KHN,17
HET,KMG,21
HET,LFQ,6
HET,LHW,16
HET,LLV,8
HET,LYI,9
HET,NAY,18
HET,NKG,121
HET,NZH,59
HET,NZL,4
HET,PEK,196
HET,PVG,29
HET,RLK,145
HET,SHA,20
HET,SHE,90
HET,SHP,8
HET,SJW,59
HET,SYX,8
HET,SZX,32
HET,TAO,22
HET,TGO,156
HET,TNA,15
HET,TSN,100
HET,TVS,1
HET,TYN,50
HET,URC,49
HET,UYN,19
HET,WUA,47
HET,WUH,93
HET,XIL,154
HET,XIY,62
HET,XMN,9
HET,XNN,47
HET,YIE,5
HET,YIH,2
HET,YNT,1
HFE,BHY,9
HFE,CAN,248
HFE,CGO,46
HFE,CGQ,11
HFE,CKG,92
HFE,CSX,1
HFE,CTU,79
HFE,DLC,61
HFE,DYG,1
HFE,FOC,5
HFE,FUO,1
HFE,HAK,30
HFE,HET,17
HFE,HRB,292
HFE,HSN,7
HFE,INC,7
HFE,JJN,110
HFE,KHN,11
HFE,KMG,160
HFE,KWE,15
HFE,KWL,48
HFE,LHW,4
HFE,MIG,4
HFE,NAY,2
HFE,NNG,96
HFE,PEK,70
HFE,PVG,89
HFE,SHE,44
HFE,SJW,26
HFE,SWA,1
HFE,SYX,48
HFE,SZX,319
HFE,TAO,54
HFE,TXN,5
HFE,TYN,21
HFE,WEF,2
HFE,WEH,86
HFE,WNZ,6
HFE,XFN,12
HFE,XIY,147
HFE,XMN,179
HFE,XNN,3
HFE,YIW,19
HFE,YZY,2
HFE,ZUH,46
HGH,AVA,66
HGH,BAR,2
HGH,BAV,47
HGH,BFJ,40
HGH,BHY,26
HGH,BSD,6
HGH,CAN,789
HGH,CGO,633
HGH,CGQ,217
HGH,CIF,82
HGH,CJU,7
HGH,CKG,779
HGH,CSX,342
HGH,CTU,482
HGH,DAX,3
HGH,DCY,1
HGH,DDG,22
HGH,DLC,394
HGH,DLU,9
HGH,DNH,7
HGH,DOY,21
HGH,DYG,34
HGH,ENH,51
HGH,FOC,94
HGH,FUO,1
HGH,GYS,45
HGH,HAK,338
HGH,HDG,80
HGH,HET,187
HGH,HIA,14
HGH,HLD,33
HGH,HRB,185
HGH,HUZ,31
HGH,INC,109
HGH,JDZ,19
HGH,JHG,46
HGH,JIQ,10
HGH,JJN,265
HGH,JNZ,2
HGH,JUH,15
HGH,JZH,20
HGH,KJH,1
HGH,KMG,328
HGH,KOW,44
HGH,KWE,358
HGH,KWL,203
HGH,LHW,314
HGH,LJG,182
HGH,LPF,11
HGH,LYA,130
HGH,LYG,15
HGH,LYI,55
HGH,LZH,12
HGH,LZO,13
HGH,MIG,182
HGH,MXZ,3
HGH,NAO,8
HGH,NNG,402
HGH,NNY,17
HGH,PEK,790
HGH,SHE,171
HGH,SJW,277
HGH,SWA,65
HGH,SYX,246
HGH,SZX,817
HGH,TAO,384
HGH,TEN,8
HGH,TGO,54
HGH,TNA,12
HGH,TSN,306
HGH,TVS,20
HGH,TYN,348
HGH,URC,46
HGH,WDS,65
HGH,WEF,13
HGH,WEH,103
HGH,WUH,221
HGH,WUS,1
HGH,WUZ,2
HGH,WXN,14
HGH,XFN,25
HGH,XIY,544
HGH,XMN,596
HGH,XNN,38
HGH,YBP,14
HGH,YCU,56
HGH,YIE,1
HGH,YIH,134
HGH,YNT,287
HGH,YNZ,22
HGH,YZY,2
HGH,ZHA,7
HGH,ZUH,157
HGH,ZYI,26
HIA,CAN,111
HIA,CGQ,1
HIA,CKG,20
HIA,DLC,14
HIA,DYG,1
HIA,FOC,4
HIA,HAK,1
HIA,HGH,22
HIA,HRB,71
HIA,KMG,29
HIA,NKG,1
HIA,PEK,8
HIA,PVG,61
HIA,SHA,6
HIA,SHE,14
HIA,SJW,18
HIA,SYX,24
HIA,SZX,53
HIA,TNA,1
HIA,TSN,26
HIA,WNZ,13
HIA,XIY,8
HIA,XMN,118
HJJ,BHY,16
HJJ,CAN,42
HJJ,CTU,28
HJJ,HAK,36
HJJ,KMG,22
HJJ,PEK,25
HJJ,SHA,13
HJJ,SZX,25
HJJ,XIY,21
HLD,BAV,35
HLD,CAN,18
HLD,CGO,6
HLD,CGQ,3
HLD,CIF,57
HLD,CKG,1
HLD,DLC,16
HLD,DQA,3
HLD,DSN,3
HLD,HET,281
HLD,HGH,27
HLD,HLH,36
HLD,HRB,108
HLD,JGD,34
HLD,NAY,17
HLD,NGB,1
HLD,NKG,2
HLD,NZL,17
HLD,PEK,85
HLD,PVG,36
HLD,SHE,13
HLD,SZX,1
HLD,TGO,2
HLD,TNA,5
HLD,TSN,104
HLD,TYN,2
HLD,WNZ,3
HLD,WUH,1
HLD,WUX,1
HLD,YNT,10
HLH,DLC,14
HLH,HET,147
HLH,HLD,70
HLH,HRB,18
HLH,NAY,155
HLH,PEK,7
HLH,SHE,27
HLH,TGO,18
HLH,TSN,49
HLH,YIE,65
HMI,CGO,21
HMI,KHG,3
HMI,KRL,2
HMI,PEK,18
HMI,PVG,17
HMI,SHF,9
HMI,TLQ,11
HMI,URC,9
HMI,XIY,18
HNY,CKG,10
HNY,DYG,137
HNY,FOC,1
HNY,HAK,1
HNY,KMG,178
HNY,NAY,51
HNY,PVG,148
HNY,SYX,9
HNY,XIY,20
HPG,CKG,4
HPG,WUH,41
HRB,BAV,41
HRB,BHY,1
HRB,BPE,28
HRB,CAN,224
HRB,CGO,295
HRB,CIF,39
HRB,CKG,11
HRB,CSX,83
HRB,CTU,53
HRB,CZX,92
HRB,DAT,9
HRB,DLC,10
HRB,DSN,54
HRB,FOC,42
HRB,FYJ,14
HRB,HAK,1
HRB,HDG,24
HRB,HEK,71
HRB,HET,109
HRB,HFE,172
HRB,HGH,68
HRB,HIA,45
HRB,HLD,49
HRB,HLH,18
HRB,HYN,33
HRB,INC,54
HRB,JGD,60
HRB,JMU,38
HRB,JNG,30
HRB,JNZ,25
HRB,JXA,25
HRB,KHN,101
HRB,KMG,21
HRB,KWL,1
HRB,LDS,10
HRB,LYA,31
HRB,LYG,8
HRB,LYI,124
HRB,NAY,18
HRB,NBS,25
HRB,NGB,238
HRB,NKG,339
HRB,NNG,4
HRB,NTG,7
HRB,NZH,61
HRB,OHE,25
HRB,PEK,484
HRB,PVG,345
HRB,RIZ,6
HRB,SHA,1
HRB,SJW,70
HRB,SYX,101
HRB,SZX,343
HRB,TAO,512
HRB,TGO,93
HRB,TNA,123
HRB,TPE,1
HRB,TSN,236
HRB,TVS,22
HRB,TXN,7
HRB,TYN,329
HRB,UYN,17
HRB,WEF,2
HRB,WEH,18
HRB,WNZ,50
HRB,WUH,221
HRB,WUT,23
HRB,WUX,45
HRB,WXN,2
HRB,XFN,39
HRB,XIY,101
HRB,XMN,2
HRB,XNN,1
HRB,XUZ,62
HRB,YIE,3
HRB,YKH,70
HRB,YNT,139
HRB,YNZ,4
HRB,YTY,100
HRB,ZQZ,53
HSN,DLC,9
HSN,FOC,106
HSN,FUO,16
HSN,HFE,12
HSN,HGH,1
HSN,JJN,69
HSN,LYG,137
HSN,NAY,29
HSN,PEK,196
HSN,PVG,186
HSN,SWA,127
HSN,SZX,51
HSN,TAO,29
HSN,TNA,1
HSN,TSN,80
HSN,XMN,100
HTN,AKU,43
HTN,KHG,42
HTN,URC,485
HTT,DNH,10
HUZ,CKG,35
HUZ,CSX,7
HUZ,CTU,46
HUZ,HAK,126
HUZ,HGH,51
HUZ,KMG,67
HUZ,KWE,4
HUZ,NAY,71
HUZ,NKG,4
HUZ,NNG,26
HUZ,PVG,22
HUZ,TNA,10
HUZ,XIY,56
HXD,XNN,39
HYN,CAN,54
HYN,CKG,21
HYN,CSX,25
HYN,HAK,1
HYN,HFE,2
HYN,HRB,35
HYN,PEK,13
HYN,SYX,70
HYN,SZX,40
HYN,WUH,10
HZG,CKG,33
HZG,HAK,1
HZG,KMG,20
HZG,NAY,5
HZG,PVG,24
HZG,SZX,129
HZG,XIY,53
HZH,CAN,13
HZH,CKG,31
HZH,CSX,120
HZH,FOC,4
HZH,KMG,20
HZH,KWE,94
HZH,PVG,32
HZH,WNZ,4
ICN,WEH,1
INC,AXF,5
INC,CAN,2
INC,CGO,129
INC,CGQ,6
INC,CIH,5
INC,CKG,40
INC,CSX,29
INC,CTU,87
INC,CZX,39
INC,DAT,4
INC,DLC,12
INC,DSN,3
INC,DYG,15
INC,FOC,1
INC,GXH,3
INC,GYU,108
INC,HAK,3
INC,HET,19
INC,HFE,23
INC,HGH,137
INC,HRB,23
INC,IQN,16
INC,KMG,30
INC,KWE,44
INC,KWL,6
INC,LFQ,5
INC,LHW,57
INC,MIG,55
INC,NGB,1
INC,NKG,149
INC,NNG,11
INC,PEK,168
INC,PVG,84
INC,SHA,14
INC,SJW,26
INC,SZX,27
INC,TAO,20
INC,TNA,41
INC,TSN,34
INC,TYN,62
INC,UCB,13
INC,URC,355
INC,UYN,37
INC,WUH,104
INC,WUT,8
INC,WUX,6
INC,XIY,303
INC,XMN,7
INC,XNN,5
INC,XUZ,22
INC,YCU,9
INC,YNT,6
IQM,KRL,23
IQN,CAN,12
IQN,INC,94
IQN,LHW,320
IQN,NAY,234
IQN,PVG,40
IQN,SHA,6
IQN,XIY,76
IST,URC,2
JDZ,CAN,50
JDZ,CTU,70
JDZ,FOC,54
JDZ,HGH,27
JDZ,KMG,15
JDZ,PEK,15
JDZ,SHA,93
JDZ,SZX,140
JDZ,XIY,39
JDZ,XMN,25
JGD,HLD,41
JGD,HRB,99
JGD,OHE,81
JGN,DNH,111
JGN,EJN,21
JGN,JIC,91
JGN,KMG,3
JGN,LHW,85
JGN,NAY,1
JGN,NKG,13
JGN,URC,1
JGN,XIY,72
JGS,CAN,136
JGS,CTU,188
JGS,HAK,122
JGS,KHN,25
JGS,NKG,37
JGS,NNG,2
JGS,PEK,6
JGS,SHA,103
JGS,SZX,34
JGS,XIY,220
JGS,XMN,38
JHG,AVA,41
JHG,BFJ,5
JHG,CKG,184
JHG,CSX,50
JHG,CTU,25
JHG,DIG,4
JHG,DLU,49
JHG,HGH,79
JHG,KMG,1607
JHG,KWE,4
JHG,KWL,7
JHG,LJG,307
JHG,PEK,1
JHG,SHA,1
JHG,TCZ,3
JIC,JGN,127
JIC,LHW,83
JIC,NAY,49
JIQ,CAN,16
JIQ,CKG,195
JIQ,CTU,10
JIQ,HAK,6
JIQ,HGH,44
JIQ,KMG,67
JIQ,PEK,28
JIQ,SHA,67
JIQ,XIY,6
JJN,CAN,207
JJN,CGO,127
JJN,CKG,302
JJN,CSX,301
JJN,CTU,166
JJN,DAX,4
JJN,HAK,61
JJN,HFE,18
JJN,HGH,311
JJN,HSN,91
JJN,KMG,113
JJN,KWE,154
JJN,NKG,182
JJN,NNG,63
JJN,NTG,3
JJN,PEK,286
JJN,PVG,343
JJN,SHA,96
JJN,SHE,4
JJN,SYX,55
JJN,SZX,132
JJN,TAO,11
JJN,TNA,40
JJN,TSN,45
JJN,WUH,113
JJN,WUX,19
JJN,XIY,11
JJN,XUZ,6
JJN,YIW,6
JJN,ZUH,47
JMU,DLC,26
JMU,FYJ,8
JMU,HRB,124
JMU,PEK,39
JMU,PVG,1
JMU,SHE,35
JMU,TAO,17
JMU,YNT,6
JNG,CAN,31
JNG,CKG,89
JNG,CSX,20
JNG,CTU,80
JNG,DLC,43
JNG,HAK,63
JNG,HET,32
JNG,HFE,9
JNG,HRB,48
JNG,KMG,57
JNG,PEK,27
JNG,PVG,131
JNG,SHA,8
JNG,SHE,107
JNG,SJW,7
JNG,SZX,5
JNG,TSN,35
JNG,WEH,75
JNG,WNZ,106
JNG,YKH,12
JNG,YNT,23
JNZ,HGH,8
JNZ,HRB,25
JNZ,KMG,32
JNZ,PVG,20
JNZ,TAO,32
JNZ,TSN,31
JUH,CAN,12
JUH,CTU,13
JUH,HGH,31
JUH,KMG,9
JUH,NAY,65
JUH,NNG,10
JUH,SHA,46
JUH,SZX,186
JUH,TNA,21
JUH,XIY,22
JUH,XMN,74
JUZ,NAY,35
JUZ,SZX,219
JUZ,XMN,37
JXA,DLC,32
JXA,HRB,143
JXA,PEK,39
JXA,SHE,41
JXA,TAO,2
JZH,CAN,32
JZH,CGO,51
JZH,CKG,353
JZH,CSX,47
JZH,CTU,414
JZH,HGH,112
JZH,KWE,3
JZH,PEK,20
JZH,SJW,20
JZH,WUX,2
JZH,XIY,285
KCA,URC,473
KGT,CKG,29
KGT,CTU,180
KGT,DCY,41
KGT,KMG,4
KGT,LXA,55
KHG,AKU,4
KHG,CTU,2
KHG,HMI,26
KHG,HTN,41
KHG,KRL,44
KHG,NGQ,39
KHG,SHF,30
KHG,SZX,1
KHG,URC,650
KHG,XIY,22
KHN,BAR,3
KHN,BHY,7
KHN,CAN,197
KHN,CGO,67
KHN,CGQ,17
KHN,CKG,164
KHN,CSX,1
KHN,CTU,104
KHN,DLC,23
KHN,DSN,1
KHN,FOC,4
KHN,HAK,118
KHN,HET,26
KHN,HFE,44
KHN,HRB,53
KHN,HYN,5
KHN,JGS,62
KHN,KMG,195
KHN,KOW,229
KHN,KWE,47
KHN,KWL,117
KHN,LHW,1
KHN,LJG,1
KHN,MDG,1
KHN,MIG,2
KHN,NAY,1
KHN,NGB,81
KHN,NKG,121
KHN,NNG,121
KHN,NTG,18
KHN,PEK,115
KHN,PVG,169
KHN,SHA,48
KHN,SHE,26
KHN,SJW,37
KHN,SWA,11
KHN,SYX,39
KHN,SZX,283
KHN,TAO,100
KHN,TNA,3
KHN,TSN,199
KHN,TYN,3
KHN,WNZ,22
KHN,XIY,243
KHN,XMN,199
KHN,XNN,1
KHN,YNT,4
KHN,ZHA,6
KHN,ZUH,85
KHN,ZYI,30
KJH,CAN,10
KJH,CGO,43
KJH,CKG,1
KJH,CTU,9
KJH,FOC,30
KJH,HAK,10
KJH,HFE,2
KJH,HGH,16
KJH,KMG,48
KJH,KWE,224
KJH,KWL,18
KJH,LHW,11
KJH,NNG,27
KJH,SJW,6
KJH,SZX,4
KJH,TNA,9
KJH,TSN,8
KJH,WNZ,17
KJI,URC,194
KMG,ACX,108
KMG,AQG,57
KMG,AVA,17
KMG,BAR,2
KMG,BAV,27
KMG,BFJ,64
KMG,BHY,41
KMG,BSD,250
KMG,CAN,377
KMG,CGD,7
KMG,CGO,754
KMG,CIH,53
KMG,CKG,802
KMG,CSX,362
KMG,CTU,472
KMG,CWJ,4
KMG,CZX,8
KMG,DAC,2
KMG,DAX,65
KMG,DCY,3
KMG,DIG,625
KMG,DLC,2
KMG,DLU,536
KMG,DSN,45
KMG,DYG,62
KMG,ENH,2
KMG,FOC,160
KMG,FUO,13
KMG,HAK,96
KMG,HET,26
KMG,HFE,187
KMG,HGH,399
KMG,HIA,24
KMG,HJJ,1
KMG,HKT,2
KMG,HNY,35
KMG,HRB,54
KMG,HUZ,71
KMG,HZG,28
KMG,HZH,19
KMG,INC,120
KMG,JDZ,4
KMG,JGN,1
KMG,JHG,2554
KMG,JIQ,25
KMG,JJN,48
KMG,JMJ,2
KMG,JNG,20
KMG,JNZ,34
KMG,KGT,1
KMG,KHN,237
KMG,KJH,26
KMG,KOW,270
KMG,KWE,82
KMG,KWL,63
KMG,LFQ,6
KMG,LHW,107
KMG,LJG,1218
KMG,LLF,127
KMG,LNJ,350
KMG,LPF,34
KMG,LUM,907
KMG,LXA,62
KMG,LYA,32
KMG,LYG,4
KMG,LYI,96
KMG,LZH,12
KMG,LZO,157
KMG,LZY,27
KMG,MIG,37
KMG,NAO,161
KMG,NAY,6
KMG,NGB,136
KMG,NKG,377
KMG,NLH,24
KMG,NNG,514
KMG,NNY,11
KMG,PEK,566
KMG,PVG,363
KMG,SHA,252
KMG,SHE,82
KMG,SJW,106
KMG,SWA,46
KMG,SYM,409
KMG,SYX,103
KMG,SZX,404
KMG,TAO,171
KMG,TCZ,550
KMG,TEN,66
KMG,TNA,403
KMG,TSN,317
KMG,TXN,18
KMG,TYN,242
KMG,URC,14
KMG,UYN,32
KMG,WDS,8
KMG,WNH,79
KMG,WNZ,98
KMG,WUH,450
KMG,WUT,40
KMG,WUX,80
KMG,WXN,38
KMG,XFN,202
KMG,XIC,49
KMG,XIY,515
KMG,XMN,221
KMG,XNN,9
KMG,XUZ,65
KMG,YBP,36
KMG,YCU,7
KMG,YIC,124
KMG,YIH,140
KMG,YIW,24
KMG,YTY,6
KMG,ZAT,169
KMG,ZHA,162
KMG,ZUH,149
KMG,ZYI,26
KOW,CAN,148
KOW,CKG,63
KOW,CTU,96
KOW,CZX,10
KOW,FOC,31
KOW,HAK,72
KOW,HGH,196
KOW,KHN,245
KOW,KMG,333
KOW,NNG,154
KOW,PEK,115
KOW,PVG,13
KOW,SHA,53
KOW,SZX,46
KOW,TSN,3
KOW,XMN,29
KRL,CGO,75
KRL,CKG,22
KRL,CTU,21
KRL,DNH,6
KRL,HMI,7
KRL,IQM,31
KRL,KHG,40
KRL,KRY,4
KRL,PEK,45
KRL,URC,370
KRL,XIY,1
KRY,CGO,16
KRY,KRL,41
KRY,PEK,45
KRY,URC,128
KRY,YIN,53
KWE,ACX,505
KWE,BAR,17
KWE,BFJ,296
KWE,BHY,64
KWE,CAN,248
KWE,CGO,167
KWE,CKG,374
KWE,CSX,32
KWE,CTU,331
KWE,DLU,1
KWE,FOC,173
KWE,HAK,116
KWE,HET,8
KWE,HFE,39
KWE,HGH,267
KWE,HLD,16
KWE,HUZ,1
KWE,HZH,22
KWE,INC,56
KWE,JHG,8
KWE,JJN,48
KWE,JZH,1
KWE,KHN,13
KWE,KJH,33
KWE,KMG,154
KWE,LHW,152
KWE,LJG,529
KWE,LLB,37
KWE,LPF,71
KWE,LXA,1
KWE,LZH,39
KWE,LZO,118
KWE,MIG,18
KWE,NAO,1
KWE,NGB,32
KWE,NKG,265
KWE,NNG,188
KWE,NTG,68
KWE,PEK,391
KWE,PVG,281
KWE,SHA,245
KWE,SHE,92
KWE,SJW,90
KWE,SWA,18
KWE,SYX,235
KWE,SZX,176
KWE,TAO,118
KWE,TEN,664
KWE,TNA,90
KWE,TSN,323
KWE,TYN,85
KWE,URC,3
KWE,WNZ,234
KWE,WUH,147
KWE,WUX,48
KWE,WUZ,63
KWE,WXN,42
KWE,XIY,204
KWE,XMN,172
KWE,XNN,54
KWE,XUZ,8
KWE,YBP,33
KWE,YIH,2
KWE,YNZ,70
KWE,YTY,25
KWE,ZAT,12
KWE,ZHA,72
KWE,ZUH,155
KWL,AEB,10
KWL,AVA,5
KWL,BHY,60
KWL,CAN,15
KWL,CGO,122
KWL,CIH,17
KWL,CKG,224
KWL,CTU,16
KWL,CZX,15
KWL,DYG,19
KWL,FOC,80
KWL,HAK,183
KWL,HCJ,42
KWL,HFE,190
KWL,HGH,201
KWL,INC,4
KWL,JHG,25
KWL,KHN,37
KWL,KJH,9
KWL,KMG,250
KWL,LCX,3
KWL,LFQ,5
KWL,LHW,17
KWL,LJG,3
KWL,LYG,14
KWL,LYI,3
KWL,MIG,2
KWL,NAO,3
KWL,NGB,16
KWL,NKG,361
KWL,NNG,36
KWL,NTG,29
KWL,PEK,134
KWL,PVG,227
KWL,SHE,2
KWL,SJW,52
KWL,SWA,67
KWL,SYX,68
KWL,SZX,13
KWL,TAO,7
KWL,TNA,309
KWL,TSN,40
KWL,TVS,2
KWL,TYN,21
KWL,WNZ,39
KWL,WUH,9
KWL,WUT,1
KWL,WUX,2
KWL,WUZ,40
KWL,XIY,257
KWL,XMN,76
KWL,XNN,64
KWL,XUZ,11
KWL,YNZ,19
KWL,YTY,6
KWL,ZHA,2
KWL,ZYI,6
LCX,HGH,27
LCX,KWL,14
LCX,PVG,41
LCX,SZX,50
LCX,WUH,15
LDS,DLC,12
LDS,HRB,10
LDS,NAY,6
LFQ,CAN,20
LFQ,CKG,27
LFQ,DLC,1
LFQ,HAK,3
LFQ,HET,6
LFQ,INC,29
LFQ,KMG,2
LFQ,KWL,19
LFQ,PEK,6
LFQ,PVG,24
LFQ,TAO,12
LFQ,TSN,29
LFQ,WUH,4
LHW,AVA,8
LHW,BAR,3
LHW,BAV,8
LHW,BFJ,1
LHW,CAN,78
LHW,CGO,206
LHW,CGQ,21
LHW,CKG,123
LHW,CSX,163
LHW,CTU,175
LHW,DNH,38
LHW,DSN,1
LHW,DYG,31
LHW,FOC,3
LHW,HAK,38
LHW,HET,7
LHW,HFE,34
LHW,HGH,155
LHW,INC,35
LHW,IQN,91
LHW,JGN,58
LHW,JIC,40
LHW,KHN,1
LHW,KJH,10
LHW,KMG,231
LHW,KWE,154
LHW,KWL,8
LHW,LJG,6
LHW,LLV,1
LHW,LXA,76
LHW,LYG,44
LHW,LZH,13
LHW,LZO,6
LHW,MIG,21
LHW,NGB,2
LHW,NKG,110
LHW,NNG,51
LHW,NNY,3
LHW,PEK,327
LHW,PVG,156
LHW,RIZ,1
LHW,SHA,26
LHW,SHE,31
LHW,SJW,68
LHW,SYX,1
LHW,SZX,114
LHW,TAO,30
LHW,TNA,40
LHW,TSN,37
LHW,TYN,39
LHW,URC,490
LHW,WDS,10
LHW,WUH,44
LHW,XIY,479
LHW,XMN,20
LHW,YBP,3
LHW,YIH,20
LHW,YNT,1
LHW,YTY,2
LHW,YZY,23
LHW,ZYI,19
LJG,ACX,35
LJG,AVA,17
LJG,BFJ,48
LJG,BHY,21
LJG,CAN,214
LJG,CGO,232
LJG,CKG,293
LJG,CSX,180
LJG,CTU,333
LJG,HAK,1
LJG,HGH,92
LJG,JHG,441
LJG,KHN,1
LJG,KMG,737
LJG,KWE,144
LJG,KWL,11
LJG,LHW,1
LJG,LXA,3
LJG,LZO,7
LJG,MIG,122
LJG,NKG,19
LJG,NNG,77
LJG,PEK,36
LJG,PVG,11
LJG,SHA,47
LJG,SJW,108
LJG,SYM,22
LJG,SZX,87
LJG,TNA,1
LJG,TSN,25
LJG,TYN,2
LJG,WUH,158
LJG,XIY,142
LJG,YBP,13
LJG,ZYI,16
LLB,CAN,155
LLB,CKG,17
LLB,CSX,72
LLB,HAK,17
LLB,KWE,57
LLB,NNG,46
LLB,WUH,21
LLB,XIY,9
LLF,CSX,76
LLF,HAK,43
LLF,KMG,357
LLF,SHA,94
LLF,SZX,89
LLF,XMN,3
LLV,CKG,15
LLV,CSX,16
LLV,HET,18
LLV,LHW,3
LLV,PEK,314
LLV,PVG,16
LLV,TSN,29
LLV,XIY,43
LNJ,KMG,552
LPF,CAN,13
LPF,CGO,30
LPF,CKG,22
LPF,CSX,55
LPF,FOC,25
LPF,HAK,70
LPF,HGH,25
LPF,KMG,118
LPF,KWE,139
LPF,PEK,12
LPF,SHA,53
LPF,WUH,43
LPF,XIY,27
LUM,CAN,43
LUM,CKG,2
LUM,CTU,4
LUM,DIG,3
LUM,JHG,4
LUM,KMG,1207
LUM,PEK,16
LUM,TCZ,1
LUM,XIY,3
LXA,BPX,49
LXA,CAN,3
LXA,CGO,64
LXA,CKG,379
LXA,CSX,47
LXA,CTU,580
LXA,DAX,5
LXA,DIG,6
LXA,GXH,2
LXA,KGT,23
LXA,KMG,12
LXA,KWE,9
LXA,LHW,121
LXA,LJG,5
LXA,LZY,42
LXA,MIG,226
LXA,NAO,18
LXA,NGQ,46
LXA,PEK,31
LXA,SZX,20
LXA,XIY,126
LXA,XNN,39
LXA,YBP,27
LXA,YUS,23
LYA,BAV,29
LYA,CAN,5
LYA,CKG,44
LYA,CTU,87
LYA,DLC,15
LYA,HGH,131
LYA,HRB,39
LYA,INC,17
LYA,KMG,66
LYA,KWE,1
LYA,PEK,59
LYA,SHA,33
LYA,SHE,49
LYA,SJW,22
LYA,SYX,3
LYA,SZX,48
LYG,CAN,61
LYG,CGQ,18
LYG,CTU,23
LYG,DLC,20
LYG,DYG,13
LYG,HAK,23
LYG,HGH,27
LYG,HRB,8
LYG,HSN,43
LYG,KMG,5
LYG,KWL,4
LYG,LHW,38
LYG,NAY,29
LYG,NNG,7
LYG,PEK,51
LYG,PVG,1
LYG,SHA,65
LYG,SHE,34
LYG,SJW,51
LYG,SZX,12
LYG,TSN,30
LYG,TYN,1
LYG,XIY,14
LYG,XMN,20
LYG,XUZ,28
LYI,CAN,88
LYI,CGQ,32
LYI,CIF,2
LYI,CKG,46
LYI,CSX,37
LYI,DLC,105
LYI,FOC,31
LYI,HAK,7
LYI,HET,14
LYI,HGH,46
LYI,HRB,147
LYI,KMG,48
LYI,KWL,2
LYI,NAY,23
LYI,NGB,41
LYI,PEK,64
LYI,PVG,112
LYI,SHA,104
LYI,SHE,87
LYI,SJW,3
LYI,SZX,64
LYI,TSN,23
LYI,WNZ,114
LYI,XIY,115
LYI,YNT,34
LZH,BHY,39
LZH,CAN,33
LZH,CGO,100
LZH,CKG,187
LZH,CTU,64
LZH,FOC,1
LZH,HAK,193
LZH,HGH,4
LZH,KMG,221
LZH,KWE,35
LZH,LHW,12
LZH,PEK,22
LZH,PVG,29
LZH,SHA,8
LZH,SWA,57
LZH,SYX,13
LZH,SZX,101
LZH,WNZ,25
LZH,WUH,13
LZH,XIY,49
LZH,XMN,20
LZH,ZHA,28
LZH,ZUH,135
LZO,CAN,161
LZO,CGO,7
LZO,CSX,54
LZO,DCY,113
LZO,HAK,49
LZO,HGH,22
LZO,KMG,316
LZO,KWE,135
LZO,LHW,20
LZO,LJG,91
LZO,NKG,27
LZO,NNG,55
LZO,PEK,129
LZO,PVG,62
LZO,SZX,157
LZO,WUH,15
LZO,XIY,67
LZY,CAN,2
LZY,CKG,41
LZY,CTU,86
LZY,KMG,17
LZY,LXA,133
LZY,PEK,1
MDG,DLC,154
MDG,NKG,1
MDG,PEK,39
MDG,PVG,53
MDG,SHE,23
MDG,TAO,6
MDG,YNT,92
MIG,CAN,12
MIG,CGO,16
MIG,CGQ,1
MIG,CSX,21
MIG,DLU,2
MIG,DYG,1
MIG,FOC,2
MIG,HAK,109
MIG,HFE,11
MIG,HGH,130
MIG,HRB,1
MIG,INC,38
MIG,KMG,49
MIG,KWE,13
MIG,KWL,5
MIG,LHW,15
MIG,LJG,134
MIG,LXA,56
MIG,NKG,47
MIG,NNG,31
MIG,PEK,25
MIG,PVG,35
MIG,SHA,36
MIG,SHE,40
MIG,SJW,6
MIG,SYX,13
MIG,SZX,108
MIG,TAO,2
MIG,TSN,4
MIG,URC,107
MIG,WUH,22
MIG,XIC,6
MIG,XIY,11
MIG,XNN,3
MIG,YNT,2
MXZ,CAN,264
MXZ,CGO,7
MXZ,CSX,6
MXZ,HAK,157
MXZ,HGH,3
MXZ,PEK,6
MXZ,PVG,11
MXZ,SZX,11
MXZ,ZUH,41
NAO,CAN,101
NAO,HAK,3
NAO,HGH,32
NAO,KMG,117
NAO,KWE,3
NAO,KWL,3
NAO,LXA,67
NAO,NNG,20
NAO,PEK,13
NAO,PVG,353
NAO,SYX,24
NAO,SZX,97
NAO,TSN,2
NAO,XIY,36
NAY,ACX,77
NAY,AVA,83
NAY,BAV,183
NAY,BFJ,51
NAY,CAN,166
NAY,CIF,106
NAY,CIH,73
NAY,CSX,38
NAY,CTU,142
NAY,DAT,117
NAY,DLC,186
NAY,DOY,6
NAY,DSN,357
NAY,ENY,49
NAY,FOC,23
NAY,FUG,67
NAY,FUO,34
NAY,HAK,64
NAY,HET,154
NAY,HFE,2
NAY,HLD,94
NAY,HLH,154
NAY,HNY,166
NAY,HRB,125
NAY,HSN,30
NAY,HUZ,98
NAY,HZG,13
NAY,IQN,72
NAY,JIC,70
NAY,JUH,63
NAY,JUZ,62
NAY,KHN,5
NAY,KMG,33
NAY,LDS,53
NAY,LYG,98
NAY,LYI,57
NAY,NDG,47
NAY,NGB,39
NAY,NNY,118
NAY,NZH,65
NAY,PVG,107
NAY,RIZ,24
NAY,RLK,68
NAY,SHA,80
NAY,SYX,107
NAY,SZX,84
NAY,TAO,5
NAY,TEN,16
NAY,TGO,116
NAY,TXN,57
NAY,URC,53
NAY,UYN,173
NAY,WDS,2
NAY,WNZ,54
NAY,WUA,1
NAY,XFN,79
NAY,XIL,147
NAY,XMN,151
NAY,XNN,19
NAY,YIE,197
NAY,YNZ,9
NBS,CAN,1
NBS,CGQ,229
NBS,DLC,14
NBS,HGH,3
NBS,HRB,71
NBS,NKG,3
NBS,PEK,78
NBS,PVG,62
NBS,SHE,61
NBS,TAO,39
NBS,TNA,6
NBS,TSN,27
NBS,WNZ,1
NBS,WUH,3
NBS,YNJ,51
NBS,YNT,8
NDG,DLC,122
NDG,NAY,23
NDG,PEK,15
NDG,PVG,16
NDG,SZX,1
NDG,TAO,7
NDG,TNA,43
NDG,TSN,45
NGB,ACX,30
NGB,AQG,21
NGB,BAR,5
NGB,CAN,367
NGB,CGO,159
NGB,CGQ,42
NGB,CKG,211
NGB,CSX,72
NGB,CTU,8
NGB,DLC,143
NGB,DNH,6
NGB,DOY,2
NGB,DSN,4
NGB,DYG,10
NGB,HAK,118
NGB,HLD,3
NGB,HRB,213
NGB,KHN,30
NGB,KMG,160
NGB,KWE,15
NGB,KWL,16
NGB,LHW,8
NGB,LYI,34
NGB,MDG,3
NGB,MIG,7
NGB,NAY,148
NGB,PEK,221
NGB,PVG,3
NGB,SHE,45
NGB,SJW,67
NGB,SWA,42
NGB,SYX,66
NGB,SZX,185
NGB,TAO,389
NGB,TEN,9
NGB,TSN,69
NGB,TYN,26
NGB,WEF,66
NGB,WEH,6
NGB,WUH,194
NGB,XIY,90
NGB,XMN,107
NGB,YIH,14
NGB,YZY,3
NGB,ZUH,30
NGO,YNT,1
NGQ,KHG,13
NGQ,LXA,179
NKG,AVA,1
NKG,BAV,93
NKG,BFJ,26
NKG,BHY,21
NKG,BPE,3
NKG,CAN,583
NKG,CGO,181
NKG,CGQ,164
NKG,CKG,406
NKG,CSX,376
NKG,CTU,308
NKG,DAT,4
NKG,DLC,260
NKG,DLU,5
NKG,DSN,8
NKG,DYG,25
NKG,FOC,198
NKG,HAK,181
NKG,HET,34
NKG,HIA,19
NKG,HLD,5
NKG,HRB,229
NKG,HUZ,12
NKG,INC,132
NKG,JGN,4
NKG,JGS,17
NKG,JJN,122
NKG,KHN,105
NKG,KMG,338
NKG,KWE,346
NKG,KWL,205
NKG,LHW,162
NKG,LJG,38
NKG,LZO,14
NKG,MDG,2
NKG,MIG,12
NKG,NBS,1
NKG,NNG,218
NKG,PEK,300
NKG,PVG,67
NKG,SHE,245
NKG,SJW,204
NKG,SWA,20
NKG,SYX,33
NKG,SZX,716
NKG,TAO,140
NKG,TCZ,1
NKG,TEN,34
NKG,THQ,1
NKG,TSN,5
NKG,TYN,254
NKG,URC,89
NKG,WEH,37
NKG,WUT,3
NKG,WXN,7
NKG,XIY,381
NKG,XMN,476
NKG,XNN,42
NKG,YCU,25
NKG,YIC,2
NKG,YNT,96
NKG,YNZ,54
NKG,YZY,2
NKG,ZHA,11
NKG,ZHY,7
NKG,ZUH,134
NLH,KMG,36
NLT,URC,112
NNG,BFJ,53
NNG,CAN,146
NNG,CGD,11
NNG,CGO,460
NNG,CIH,21
NNG,CKG,189
NNG,CSX,217
NNG,CTU,163
NNG,DLC,1
NNG,DLU,2
NNG,DYG,1
NNG,FOC,201
NNG,HAK,185
NNG,HFE,147
NNG,HGH,372
NNG,HUZ,3
NNG,INC,2
NNG,JJN,40
NNG,JUH,5
NNG,KHN,108
NNG,KJH,17
NNG,KMG,367
NNG,KOW,19
NNG,KWE,89
NNG,KWL,30
NNG,LHW,66
NNG,LJG,15
NNG,LLB,13
NNG,LYG,29
NNG,LZO,26
NNG,MIG,55
NNG,NAO,22
NNG,NKG,259
NNG,NNY,49
NNG,PEK,556
NNG,PVG,79
NNG,SHA,130
NNG,SHE,1
NNG,SJW,82
NNG,SWA,137
NNG,SYX,151
NNG,SZX,211
NNG,TEN,18
NNG,TNA,49
NNG,TSN,23
NNG,TXN,6
NNG,TYN,131
NNG,UYN,1
NNG,WDS,9
NNG,WNZ,37
NNG,WUH,303
NNG,WUS,3
NNG,WUX,24
NNG,XIY,375
NNG,XMN,104
NNG,XUZ,9
NNG,YIH,46
NNG,YIW,1
NNG,ZHA,5
NNG,ZUH,54
NNG,ZYI,15
NNY,CAN,42
NNY,CGO,21
NNY,CKG,2
NNY,CTU,167
NNY,DLC,81
NNY,HAK,4
NNY,HGH,154
NNY,KMG,32
NNY,LHW,3
NNY,NAY,74
NNY,NNG,94
NNY,PVG,49
NNY,SZX,11
NNY,TSN,10
NTG,CAN,93
NTG,CGO,62
NTG,CGQ,2
NTG,CKG,30
NTG,CSX,30
NTG,CTU,4
NTG,DLC,27
NTG,DYG,2
NTG,FOC,61
NTG,HAK,17
NTG,HRB,8
NTG,JJN,3
NTG,KHN,14
NTG,KWE,6
NTG,KWL,5
NTG,LHW,1
NTG,NNG,1
NTG,PEK,69
NTG,SHE,92
NTG,SJW,117
NTG,SYX,4
NTG,SZX,83
NTG,TAO,53
NTG,TSN,109
NTG,TYN,3
NTG,WNZ,57
NTG,WUH,9
NTG,XIY,15
NTG,XMN,98
NTG,YNT,5
NTG,ZUH,3
NZH,BAV,7
NZH,CGO,4
NZH,CGQ,17
NZH,DLC,11
NZH,HET,75
NZH,HRB,51
NZH,NAY,3
NZH,NKG,7
NZH,PEK,14
NZH,PVG,4
NZH,SJW,7
NZH,TGO,12
NZH,TSN,1
NZH,TVS,1
NZH,WEH,2
NZH,WNZ,1
NZH,WUX,5
NZH,YIE,25
NZL,HET,12
NZL,HLD,29
OHE,HEK,57
OHE,HLD,1
OHE,HRB,58
OHE,JGD,49
PEK,AOG,26
PEK,AQG,33
PEK,BAR,1
PEK,BAV,118
PEK,BHY,18
PEK,BSD,93
PEK,CAN,1273
PEK,CGD,43
PEK,CGO,103
PEK,CGQ,277
PEK,CHG,29
PEK,CIF,47
PEK,CIH,36
PEK,CKG,506
PEK,CSX,782
PEK,CTU,873
PEK,CZX,95
PEK,DAT,36
PEK,DAX,51
PEK,DDG,16
PEK,DLC,282
PEK,DLU,60
PEK,DNH,25
PEK,DOY,137
PEK,DQA,28
PEK,DSN,71
PEK,DYG,69
PEK,ENY,29
PEK,ERL,16
PEK,FOC,489
PEK,FUG,26
PEK,GYS,41
PEK,HAK,265
PEK,HET,327
PEK,HFE,89
PEK,HGH,911
PEK,HIA,28
PEK,HJJ,8
PEK,HLD,140
PEK,HLH,15
PEK,HMI,32
PEK,HRB,592
PEK,HSN,68
PEK,HYN,26
PEK,INC,259
PEK,JDZ,26
PEK,JGS,38
PEK,JHG,1
PEK,JIQ,3
PEK,JJN,238
PEK,JMU,111
PEK,JXA,48
PEK,JZH,17
PEK,KHN,271
PEK,KMG,1127
PEK,KOW,109
PEK,KRL,24
PEK,KRY,79
PEK,KWE,437
PEK,KWL,134
PEK,LFQ,1
PEK,LHW,317
PEK,LJG,124
PEK,LLV,185
PEK,LPF,27
PEK,LUM,96
PEK,LXA,43
PEK,LYA,34
PEK,LYG,25
PEK,LYI,9
PEK,LZH,66
PEK,LZO,33
PEK,LZY,8
PEK,MDG,43
PEK,MIG,77
PEK,MXZ,34
PEK,NAO,91
PEK,NBS,22
PEK,NDG,25
PEK,NGB,191
PEK,NKG,232
PEK,NNG,378
PEK,NTG,101
PEK,NZH,35
PEK,PVG,267
PEK,RIZ,9
PEK,RLK,16
PEK,SHA,1649
PEK,SHE,295
PEK,SWA,132
PEK,SYX,729
PEK,SZX,1518
PEK,TAO,584
PEK,TCZ,122
PEK,TEN,28
PEK,TGO,59
PEK,TNA,23
PEK,TNH,24
PEK,TXN,37
PEK,TYN,140
PEK,UCB,11
PEK,URC,643
PEK,UYN,33
PEK,WDS,9
PEK,WEF,6
PEK,WEH,125
PEK,WNZ,185
PEK,WUA,56
PEK,WUH,253
PEK,WUS,115
PEK,WUX,101
PEK,WXN,42
PEK,XFN,50
PEK,XIC,42
PEK,XIL,138
PEK,XIY,725
PEK,XMN,743
PEK,XNN,113
PEK,YBP,16
PEK,YCU,25
PEK,YIC,187
PEK,YIE,1
PEK,YIH,58
PEK,YIW,70
PEK,YNJ,61
PEK,YNT,238
PEK,YNZ,71
PEK,YTY,36
PEK,ZAT,45
PEK,ZHA,41
PEK,ZHY,38
PEK,ZUH,239
PEK,ZYI,93
PVG,AOG,39
PVG,BAV,166
PVG,BHY,141
PVG,BKK,1
PVG,BPE,50
PVG,CAN,343
PVG,CGO,302
PVG,CGQ,470
PVG,CIH,82
PVG,CJU,2
PVG,CKG,379
PVG,CSX,152
PVG,CTU,347
PVG,DAT,64
PVG,DAX,41
PVG,DEL,1
PVG,DLC,590
PVG,DNH,11
PVG,DOY,24
PVG,DSN,117
PVG,DYG,250
PVG,FOC,238
PVG,FUK,1
PVG,FUO,62
PVG,GYS,94
PVG,HAK,171
PVG,HDG,144
PVG,HET,227
PVG,HFE,126
PVG,HGH,1
PVG,HIA,54
PVG,HLD,23
PVG,HMI,16
PVG,HNY,78
PVG,HRB,515
PVG,HSN,57
PVG,HUZ,74
PVG,HZG,14
PVG,HZH,39
PVG,ICN,1
PVG,INC,206
PVG,IQN,42
PVG,JJN,68
PVG,JMU,1
PVG,JNG,21
PVG,JNZ,48
PVG,JZH,31
PVG,KHN,85
PVG,KIX,3
PVG,KMG,244
PVG,KOW,11
PVG,KWE,251
PVG,KWL,375
PVG,LCX,16
PVG,LFQ,14
PVG,LHW,237
PVG,LLV,34
PVG,LYI,19
PVG,LZH,66
PVG,LZO,81
PVG,MDG,1
PVG,MIG,115
PVG,MXZ,7
PVG,NAO,160
PVG,NAY,78
PVG,NBS,41
PVG,NGB,66
PVG,NGO,4
PVG,NKG,37
PVG,NNG,231
PVG,NNY,6
PVG,NRT,3
PVG,PEK,265
PVG,PNH,1
PVG,REP,1
PVG,RIZ,35
PVG,SHA,2
PVG,SHE,564
PVG,SHP,25
PVG,SJW,66
PVG,SQJ,19
PVG,SWA,57
PVG,SYX,186
PVG,SZX,339
PVG,TAK,1
PVG,TAO,145
PVG,TGO,17
PVG,TNA,64
PVG,TSN,176
PVG,TVS,31
PVG,TYN,23
PVG,URC,82
PVG,WDS,2
PVG,WEF,42
PVG,WEH,60
PVG,WNZ,297
PVG,WUH,249
PVG,WUT,21
PVG,WXN,30
PVG,XFN,55
PVG,XIY,493
PVG,XMN,316
PVG,XNN,69
PVG,YBP,72
PVG,YCU,54
PVG,YIH,67
PVG,YKH,54
PVG,YNJ,30
PVG,YNT,94
PVG,YZY,5
PVG,ZHA,98
PVG,ZQZ,142
PVG,ZUH,133
PVG,ZYI,28
PZI,CKG,49
PZI,CTU,161
PZI,SZX,220
PZI,WUH,1
RHT,AXF,144
RHT,EJN,10
RIZ,CAN,6
RIZ,CGO,54
RIZ,DLC,81
RIZ,HAK,9
RIZ,HGH,6
RIZ,HRB,76
RIZ,LHW,4
RIZ,NAY,6
RIZ,PEK,77
RIZ,PVG,117
RIZ,SHE,17
RIZ,SZX,8
RIZ,TNA,4
RIZ,TSN,24
RIZ,TYN,5
RIZ,XIY,17
RIZ,XMN,6
RKZ,CTU,6
RLK,HET,203
RLK,NAY,8
RLK,PEK,13
RLK,TSN,25
RLK,XIY,100
SHA,ACX,13
SHA,AQG,59
SHA,AVA,33
SHA,BAR,1
SHA,BAV,11
SHA,BFJ,19
SHA,CAN,1457
SHA,CGD,49
SHA,CGO,465
SHA,CKG,446
SHA,CSX,297
SHA,CTU,430
SHA,DLU,71
SHA,DOY,94
SHA,DYG,17
SHA,ENH,25
SHA,FOC,420
SHA,FUG,72
SHA,HAK,19
SHA,HET,112
SHA,HFE,1
SHA,HIA,61
SHA,HJJ,29
SHA,HLH,1
SHA,INC,3
SHA,IQN,1
SHA,JDZ,102
SHA,JGS,110
SHA,JIQ,25
SHA,JJN,237
SHA,JNG,16
SHA,JUH,24
SHA,KHG,1
SHA,KHN,117
SHA,KMG,358
SHA,KOW,60
SHA,KWE,211
SHA,KWL,4
SHA,LHW,112
SHA,LJG,48
SHA,LLF,6
SHA,LPF,50
SHA,LYA,93
SHA,LYG,148
SHA,LYI,173
SHA,LZH,109
SHA,MFM,3
SHA,MIG,26
SHA,NAY,16
SHA,NNG,170
SHA,PEK,1550
SHA,PVG,3
SHA,SHE,44
SHA,SJW,143
SHA,SWA,238
SHA,SYX,188
SHA,SZX,1682
SHA,TAO,647
SHA,TEN,35
SHA,TLQ,2
SHA,TNA,190
SHA,TSN,382
SHA,TXN,12
SHA,TYN,218
SHA,URC,290
SHA,WEH,212
SHA,WNZ,170
SHA,WUH,284
SHA,WUS,87
SHA,XIY,252
SHA,XMN,1776
SHA,YIC,26
SHA,YIH,9
SHA,YNT,265
SHA,YNZ,35
SHA,ZHA,13
SHA,ZQZ,13
SHA,ZUH,316
SHA,ZYI,9
SHE,BAV,37
SHE,CAN,400
SHE,CGD,3
SHE,CGO,172
SHE,CIF,41
SHE,CIH,37
SHE,CKG,26
SHE,CSX,14
SHE,CTU,63
SHE,CZX,16
SHE,DAT,30
SHE,DSN,3
SHE,FOC,1
SHE,HAK,12
SHE,HDG,8
SHE,HET,94
SHE,HFE,50
SHE,HGH,163
SHE,HIA,11
SHE,HLD,18
SHE,HLH,45
SHE,HRB,1
SHE,ICN,2
SHE,JGN,1
SHE,JMU,56
SHE,JNG,22
SHE,JXA,7
SHE,KHN,23
SHE,KMG,10
SHE,KWE,1
SHE,KWL,12
SHE,LHW,46
SHE,LYA,36
SHE,LYG,14
SHE,LYI,19
SHE,MDG,19
SHE,MIG,28
SHE,NBS,32
SHE,NGB,60
SHE,NKG,196
SHE,NNG,3
SHE,NTG,113
SHE,PEK,154
SHE,PVG,590
SHE,SHA,3
SHE,SJW,110
SHE,SYX,7
SHE,SZX,219
SHE,TAO,200
SHE,TNA,81
SHE,TSN,53
SHE,TYN,136
SHE,WEF,52
SHE,WEH,6
SHE,WNZ,60
SHE,WUH,249
SHE,WUX,212
SHE,XIY,244
SHE,XMN,13
SHE,XUZ,3
SHE,YCU,1
SHE,YIW,15
SHE,YNJ,9
SHE,YNT,97
SHE,YNZ,10
SHE,YTY,115
SHE,ZQZ,1
SHE,ZUH,8
SHF,CGO,53
SHF,CTU,3
SHF,HMI,10
SHF,KHG,18
SHP,DLC,134
SHP,HET,7
SHP,HRB,1
SHP,PVG,12
SHP,SJW,97
SHP,TAO,5
SHP,TYN,8
SHP,WUX,4
SJW,BAR,2
SJW,BAV,110
SJW,BHY,3
SJW,BPE,21
SJW,CAN,142
SJW,CDE,1
SJW,CGQ,32
SJW,CKG,94
SJW,CSX,53
SJW,CTU,223
SJW,DLC,122
SJW,DSN,31
SJW,DYG,8
SJW,FOC,69
SJW,HAK,72
SJW,HET,72
SJW,HFE,33
SJW,HGH,282
SJW,HIA,4
SJW,HRB,63
SJW,INC,15
SJW,JNG,8
SJW,JZH,7
SJW,KHN,6
SJW,KJH,1
SJW,KMG,213
SJW,KWE,112
SJW,KWL,10
SJW,LHW,66
SJW,LJG,264
SJW,LYA,1
SJW,LYG,16
SJW,LYI,7
SJW,MIG,5
SJW,NGB,47
SJW,NKG,133
SJW,NNG,17
SJW,NTG,30
SJW,NZH,1
SJW,PEK,2
SJW,PVG,172
SJW,SHA,180
SJW,SHE,54
SJW,SHP,12
SJW,SYX,50
SJW,SZX,165
SJW,TAO,21
SJW,TSN,12
SJW,TVS,55
SJW,URC,41
SJW,UYN,40
SJW,WNZ,64
SJW,XIY,76
SJW,XMN,258
SJW,XNN,9
SJW,XUZ,4
SJW,YNT,7
SJW,YTY,3
SJW,ZQZ,232
SJW,ZUH,3
SQJ,CAN,11
SQJ,PVG,14
SQJ,SZX,1
SQJ,TVS,1
SQJ,WUH,16
SWA,BAR,1
SWA,CAN,216
SWA,CGO,60
SWA,CKG,141
SWA,CSX,124
SWA,CTU,116
SWA,FOC,1
SWA,HAK,247
SWA,HFE,8
SWA,HGH,97
SWA,HSN,59
SWA,INC,1
SWA,KHN,6
SWA,KMG,37
SWA,KWE,22
SWA,KWL,31
SWA,LHW,1
SWA,LZH,13
SWA,NGB,167
SWA,NKG,77
SWA,NNG,63
SWA,PEK,156
SWA,PVG,72
SWA,SHA,202
SWA,SHE,4
SWA,SZX,1
SWA,TNA,3
SWA,TSN,2
SWA,WNZ,27
SWA,WUH,71
SWA,WUX,46
SWA,YIW,152
SWA,ZHA,17
SWA,ZUH,91
SYM,CSX,13
SYM,CTU,6
SYM,KMG,403
SYM,KWE,2
SYM,LJG,34
SYX,AVA,54
SYX,BFJ,66
SYX,CAN,521
SYX,CGO,343
SYX,CGQ,41
SYX,CKG,328
SYX,CSX,354
SYX,CTU,213
SYX,CZX,19
SYX,DAX,3
SYX,FOC,70
SYX,HAK,1
SYX,HET,33
SYX,HFE,33
SYX,HGH,315
SYX,HIA,11
SYX,HNY,10
SYX,HRB,68
SYX,JJN,28
SYX,KHN,112
SYX,KMG,77
SYX,KWE,205
SYX,KWL,106
SYX,LYA,118
SYX,LZH,11
SYX,MIG,43
SYX,NAO,9
SYX,NAY,8
SYX,NGB,92
SYX,NKG,169
SYX,NNG,151
SYX,NTG,1
SYX,PEK,464
SYX,PVG,460
SYX,SHA,66
SYX,SHE,14
SYX,SJW,171
SYX,SWA,11
SYX,SZX,584
SYX,TEN,6
SYX,TNA,108
SYX,TSN,107
SYX,TVS,29
SYX,TYN,13
SYX,URC,5
SYX,WNZ,185
SYX,WUH,517
SYX,WUX,58
SYX,XFN,2
SYX,XIY,123
SYX,XMN,81
SYX,YBP,3
SYX,YCU,18
SYX,YIC,30
SYX,YTY,35
SYX,ZHA,27
SYX,ZUH,442
SYX,ZYI,184
SZX,ACX,72
SZX,AEB,4
SZX,AQG,6
SZX,AVA,5
SZX,BAR,3
SZX,BAV,10
SZX,BFJ,54
SZX,BHY,71
SZX,CGD,99
SZX,CGO,575
SZX,CGQ,23
SZX,CKG,1041
SZX,CSX,279
SZX,CTU,608
SZX,CZX,277
SZX,DAX,12
SZX,DLC,277
SZX,DYG,59
SZX,ENH,7
SZX,FOC,291
SZX,FUG,18
SZX,FUO,1
SZX,GYS,49
SZX,HAK,1184
SZX,HDG,6
SZX,HET,91
SZX,HFE,455
SZX,HGH,978
SZX,HIA,87
SZX,HJJ,17
SZX,HRB,334
SZX,HSN,41
SZX,HYN,60
SZX,HZG,77
SZX,INC,71
SZX,JDZ,71
SZX,JGS,22
SZX,JJN,94
SZX,JNG,3
SZX,JUH,255
SZX,JUZ,156
SZX,KHN,284
SZX,KJH,1
SZX,KMG,604
SZX,KOW,21
SZX,KWE,241
SZX,KWL,8
SZX,LCX,110
SZX,LHW,137
SZX,LJG,143
SZX,LLF,9
SZX,LXA,6
SZX,LYA,28
SZX,LYG,34
SZX,LYI,58
SZX,LZH,56
SZX,LZO,89
SZX,MIG,288
SZX,MXZ,5
SZX,NAO,139
SZX,NAY,63
SZX,NGB,166
SZX,NKG,680
SZX,NNG,456
SZX,NNY,28
SZX,NTG,88
SZX,PEK,1479
SZX,PVG,518
SZX,PZI,72
SZX,SHA,1532
SZX,SHE,333
SZX,SJW,103
SZX,SQJ,1
SZX,SYX,331
SZX,TAO,194
SZX,TCZ,86
SZX,TEN,15
SZX,TGO,59
SZX,TNA,324
SZX,TPE,1
SZX,TSN,476
SZX,TXN,17
SZX,TYN,272
SZX,URC,151
SZX,WDS,42
SZX,WNZ,134
SZX,WUH,276
SZX,WUS,6
SZX,WUX,659
SZX,WXN,86
SZX,XFN,183
SZX,XIC,19
SZX,XIY,801
SZX,XMN,190
SZX,XNN,29
SZX,XUZ,84
SZX,YBP,118
SZX,YCU,26
SZX,YIC,110
SZX,YIH,223
SZX,YIW,11
SZX,YNT,142
SZX,YNZ,24
SZX,YTY,82
SZX,ZAT,24
SZX,ZHA,172
SZX,ZQZ,22
SZX,ZUH,1
SZX,ZYI,95
TAO,BAR,4
TAO,BPE,41
TAO,CAN,308
TAO,CGO,335
TAO,CGQ,164
TAO,CIF,7
TAO,CIH,5
TAO,CKG,172
TAO,CSX,349
TAO,CTU,154
TAO,CZX,7
TAO,DDG,1
TAO,DLC,293
TAO,DNH,1
TAO,DQA,140
TAO,DYG,47
TAO,ENY,4
TAO,FOC,148
TAO,HAK,9
TAO,HET,99
TAO,HFE,144
TAO,HGH,293
TAO,HLD,4
TAO,HRB,332
TAO,HSN,21
TAO,INC,32
TAO,JJN,4
TAO,JMU,17
TAO,JNZ,7
TAO,JUH,2
TAO,JXA,2
TAO,KHN,83
TAO,KMG,223
TAO,KWE,151
TAO,KWL,17
TAO,LFQ,18
TAO,LHW,16
TAO,MDG,30
TAO,MIG,4
TAO,NAY,8
TAO,NBS,33
TAO,NDG,8
TAO,NGB,146
TAO,NGO,1
TAO,NKG,181
TAO,NTG,17
TAO,NZH,1
TAO,PEK,469
TAO,PVG,411
TAO,SHA,561
TAO,SHE,200
TAO,SHP,1
TAO,SJW,68
TAO,SZX,92
TAO,TEN,14
TAO,TPE,1
TAO,TSN,55
TAO,TXN,6
TAO,TYN,168
TAO,URC,159
TAO,WNZ,74
TAO,WUH,144
TAO,WUS,18
TAO,WUX,16
TAO,XIY,345
TAO,XMN,137
TAO,XNN,5
TAO,YBP,20
TAO,YCU,3
TAO,YIC,20
TAO,YIH,47
TAO,YNJ,68
TAO,ZYI,16
TCG,URC,255
TCZ,CKG,20
TCZ,CSX,46
TCZ,CTU,16
TCZ,JHG,66
TCZ,KMG,778
TCZ,LJG,1
TCZ,NKG,1
TCZ,PEK,68
TCZ,SZX,54
TCZ,XIY,96
TEN,CAN,20
TEN,CGO,82
TEN,CKG,77
TEN,CSX,99
TEN,CTU,31
TEN,FOC,49
TEN,HAK,75
TEN,HGH,98
TEN,KMG,107
TEN,KWE,1410
TEN,NAY,33
TEN,NGB,30
TEN,NKG,15
TEN,NNG,68
TEN,PEK,20
TEN,SHA,33
TEN,SYX,5
TEN,SZX,41
TEN,TAO,82
TEN,TNA,5
TEN,TSN,9
TEN,WUX,80
TEN,XIY,78
TEN,XMN,8
TGO,CGQ,56
TGO,HET,229
TGO,HGH,106
TGO,HLD,15
TGO,HLH,42
TGO,HRB,159
TGO,NAY,164
TGO,NZH,29
TGO,PEK,31
TGO,PVG,42
TGO,SZX,52
TGO,TSN,62
TGO,XIY,6
THQ,CKG,44
THQ,HGH,2
THQ,NKG,5
THQ,TSN,67
THQ,XIY,191
TLQ,AAT,7
TLQ,CSX,4
TLQ,HMI,9
TLQ,INC,2
TLQ,SHA,46
TLQ,URC,32
TNA,BAR,2
TNA,CAN,263
TNA,CGO,28
TNA,CGQ,82
TNA,CKG,436
TNA,CSX,143
TNA,CTU,156
TNA,DLC,342
TNA,FOC,252
TNA,HAK,92
TNA,HET,35
TNA,HGH,9
TNA,HLD,21
TNA,HRB,235
TNA,HSN,45
TNA,HUZ,13
TNA,ICN,2
TNA,INC,18
TNA,JJN,41
TNA,KHN,36
TNA,KJH,5
TNA,KMG,213
TNA,KWE,257
TNA,KWL,296
TNA,LHW,44
TNA,LJG,3
TNA,MIG,27
TNA,NBS,1
TNA,NDG,112
TNA,NNG,69
TNA,PEK,28
TNA,PVG,159
TNA,SHA,67
TNA,SHE,239
TNA,SJW,1
TNA,SWA,15
TNA,SYX,23
TNA,SZX,224
TNA,TEN,1
TNA,TVS,1
TNA,TXN,1
TNA,TYN,6
TNA,URC,80
TNA,UYN,4
TNA,WEH,29
TNA,WNZ,35
TNA,WUH,76
TNA,WUS,5
TNA,XIC,4
TNA,XIL,4
TNA,XIY,267
TNA,XMN,431
TNA,XNN,6
TNA,YKH,19
TNA,YNT,86
TNA,ZUH,39
TNH,DLC,70
TNH,PEK,52
TNH,TSN,17
TPE,HKG,1
TPE,YNT,1
TSN,BAV,65
TSN,BHY,1
TSN,CAN,310
TSN,CGD,1
TSN,CGO,89
TSN,CGQ,110
TSN,CHG,19
TSN,CIF,128
TSN,CIH,48
TSN,CKG,238
TSN,CSX,255
TSN,CTU,123
TSN,DAT,39
TSN,DBC,1
TSN,DDG,15
TSN,DLC,589
TSN,DLU,68
TSN,DOY,1
TSN,DQA,9
TSN,DSN,66
TSN,DYG,11
TSN,ENH,4
TSN,FOC,247
TSN,FUG,96
TSN,GYU,29
TSN,HAK,41
TSN,HET,233
TSN,HGH,421
TSN,HIA,13
TSN,HLD,85
TSN,HLH,17
TSN,HRB,267
TSN,HSN,25
TSN,INC,8
TSN,JJN,6
TSN,JNG,5
TSN,JNZ,23
TSN,KHN,229
TSN,KJH,3
TSN,KMG,168
TSN,KWE,286
TSN,KWL,61
TSN,LFQ,17
TSN,LHW,41
TSN,LJG,24
TSN,LLV,11
TSN,LYG,17
TSN,LYI,14
TSN,MIG,19
TSN,NAO,17
TSN,NBS,14
TSN,NDG,15
TSN,NGB,82
TSN,NKG,1
TSN,NNG,37
TSN,NNY,13
TSN,NTG,48
TSN,PVG,312
TSN,RIZ,18
TSN,RLK,7
TSN,SHA,414
TSN,SHE,137
TSN,SJW,18
TSN,SWA,18
TSN,SYX,162
TSN,SZX,310
TSN,TAO,289
TSN,TEN,4
TSN,TGO,69
TSN,THQ,8
TSN,TXN,6
TSN,TYN,60
TSN,UCB,25
TSN,URC,91
TSN,UYN,3
TSN,WDS,70
TSN,WEH,21
TSN,WNZ,9
TSN,WUH,161
TSN,WUT,33
TSN,WXN,21
TSN,XFN,34
TSN,XIL,89
TSN,XIY,315
TSN,XMN,652
TSN,XNN,17
TSN,YCU,20
TSN,YIE,2
TSN,YIH,14
TSN,YIW,3
TSN,YNJ,9
TSN,YNT,122
TSN,YNZ,65
TSN,YTY,23
TSN,ZQZ,5
TSN,ZUH,83
TVS,AQG,5
TVS,CAN,16
TVS,CGQ,13
TVS,HET,2
TVS,HGH,17
TVS,HRB,9
TVS,KWL,2
TVS,NZH,4
TVS,PVG,22
TVS,SJW,132
TVS,SQJ,26
TVS,SYX,26
TVS,TNA,2
TVS,TYN,15
TVS,XIY,25
TVS,YNT,5
TXN,CAN,133
TXN,CGO,8
TXN,CKG,71
TXN,CTU,53
TXN,FOC,11
TXN,FUO,82
TXN,HAK,12
TXN,HFE,26
TXN,HRB,7
TXN,KMG,60
TXN,NAY,3
TXN,NNG,14
TXN,PEK,8
TXN,SHA,74
TXN,SZX,48
TXN,TAO,63
TXN,TNA,27
TXN,TSN,1
TXN,TYN,19
TXN,WUH,12
TXN,XIY,58
TXN,XMN,92
TYN,BAR,8
TYN,BAV,13
TYN,CAN,180
TYN,CGQ,16
TYN,CIH,66
TYN,CKG,166
TYN,CSX,326
TYN,CTU,163
TYN,DAT,161
TYN,DLC,158
TYN,DSN,70
TYN,ENH,15
TYN,FOC,60
TYN,HAK,158
TYN,HET,168
TYN,HFE,10
TYN,HGH,377
TYN,HRB,129
TYN,INC,94
TYN,JJN,3
TYN,KHN,20
TYN,KMG,378
TYN,KWE,119
TYN,KWL,50
TYN,LHW,42
TYN,LJG,6
TYN,MIG,4
TYN,NGB,20
TYN,NKG,177
TYN,NNG,37
TYN,NTG,1
TYN,NZH,1
TYN,PEK,141
TYN,PVG,104
TYN,RIZ,1
TYN,SHA,152
TYN,SHE,124
TYN,SHP,7
TYN,SYX,22
TYN,SZX,172
TYN,TAO,207
TYN,TNA,22
TYN,TSN,67
TYN,TXN,38
TYN,URC,162
TYN,UYN,60
TYN,WNZ,51
TYN,WUA,5
TYN,WUH,71
TYN,WUX,66
TYN,XIY,20
TYN,XMN,80
TYN,XNN,62
TYN,XUZ,6
TYN,YBP,3
TYN,YNT,4
TYN,YNZ,72
TYN,ZYI,17
UCB,CGO,5
UCB,CKG,2
UCB,DLC,4
UCB,DSN,47
UCB,HRB,13
UCB,INC,1
UCB,PEK,10
UCB,SZX,4
UCB,TSN,6
UCB,XIY,6
URC,AAT,368
URC,AKU,694
URC,BAV,14
URC,BPL,163
URC,CAN,422
URC,CGO,551
URC,CKG,377
URC,CSX,214
URC,CTU,380
URC,DLC,1
URC,DNH,32
URC,DSN,36
URC,FOC,10
URC,FYN,102
URC,HAK,12
URC,HET,147
URC,HGH,19
URC,HMI,12
URC,HTN,491
URC,INC,268
URC,KCA,261
URC,KHG,726
URC,KJI,160
URC,KMG,31
URC,KRL,498
URC,KRY,124
URC,KWE,51
URC,LHW,621
URC,MIG,74
URC,NAY,24
URC,NKG,52
URC,NLT,109
URC,PEK,611
URC,PVG,166
URC,SHA,413
URC,SJW,69
URC,SYX,12
URC,SZX,137
URC,TAO,116
URC,TCG,164
URC,TLQ,19
URC,TNA,259
URC,TSN,128
URC,TYN,77
URC,WNZ,4
URC,WUH,309
URC,XIY,641
URC,XMN,1
URC,XNN,71
URC,YCU,14
URC,YIN,612
URC,ZHY,36
UYN,CGO,126
UYN,CKG,97
UYN,CTU,65
UYN,DLC,43
UYN,FUO,3
UYN,HET,75
UYN,HRB,8
UYN,INC,87
UYN,KMG,27
UYN,LHW,25
UYN,NAY,70
UYN,PEK,26
UYN,SHE,1
UYN,SJW,170
UYN,TNA,8
UYN,TSN,11
UYN,TYN,45
UYN,XIY,466
UYN,XNN,31
WDS,CAN,9
WDS,CGO,11
WDS,CGQ,25
WDS,CKG,23
WDS,DLC,8
WDS,HAK,6
WDS,HGH,77
WDS,KMG,41
WDS,LHW,11
WDS,NAY,6
WDS,NNG,3
WDS,PEK,11
WDS,PVG,7
WDS,SZX,13
WDS,TSN,99
WDS,WUH,45
WDS,XIY,205
WDS,XMN,8
WEF,CAN,38
WEF,DLC,37
WEF,HFE,4
WEF,HGH,97
WEF,HRB,1
WEF,NGB,23
WEF,PEK,114
WEF,PVG,42
WEF,SHE,128
WEF,TSN,2
WEH,CAN,1
WEH,CGO,24
WEH,CGQ,54
WEH,DLC,272
WEH,DQA,3
WEH,HFE,54
WEH,HGH,12
WEH,HRB,78
WEH,JNG,36
WEH,NGB,1
WEH,NKG,236
WEH,NZH,3
WEH,PEK,106
WEH,PVG,81
WEH,SHA,128
WEH,SHE,28
WEH,TNA,36
WEH,TSN,17
WEH,WUH,11
WNH,CKG,13
WNH,KMG,162
WNZ,BPE,1
WNZ,CAN,543
WNZ,CGO,201
WNZ,CGQ,3
WNZ,CKG,93
WNZ,CSX,28
WNZ,CTU,48
WNZ,DLC,7
WNZ,FUG,4
WNZ,HAK,58
WNZ,HFE,5
WNZ,HGH,2
WNZ,HIA,10
WNZ,HLD,3
WNZ,HRB,13
WNZ,HZH,1
WNZ,JNG,32
WNZ,KHN,12
WNZ,KMG,103
WNZ,KWE,59
WNZ,KWL,1
WNZ,LYI,13
WNZ,NAY,5
WNZ,NBS,1
WNZ,NNG,59
WNZ,NTG,59
WNZ,NZH,1
WNZ,PEK,175
WNZ,PVG,252
WNZ,SHA,21
WNZ,SHE,127
WNZ,SJW,13
WNZ,SWA,13
WNZ,SYX,67
WNZ,SZX,147
WNZ,TAO,101
WNZ,TNA,61
WNZ,TSN,28
WNZ,TYN,84
WNZ,WUH,110
WNZ,XIY,138
WNZ,YIH,2
WNZ,YNT,2
WNZ,ZUH,9
WNZ,ZYI,3
WUA,BAV,3
WUA,DSN,7
WUA,HET,119
WUA,INC,3
WUA,NAY,4
WUA,PEK,50
WUA,TYN,3
WUA,XIY,60
WUH,ACX,5
WUH,BAV,52
WUH,BFJ,3
WUH,BHY,39
WUH,CAN,363
WUH,CGQ,32
WUH,CKG,149
WUH,CTU,308
WUH,DAT,7
WUH,DLC,71
WUH,DLU,12
WUH,DYG,15
WUH,ENH,77
WUH,FOC,189
WUH,HAK,189
WUH,HET,27
WUH,HGH,180
WUH,HLD,1
WUH,HNY,1
WUH,HPG,27
WUH,HRB,30
WUH,HYN,7
WUH,INC,211
WUH,JJN,126
WUH,KMG,366
WUH,KWE,276
WUH,KWL,24
WUH,LCX,16
WUH,LFQ,13
WUH,LHW,124
WUH,LJG,68
WUH,LLB,9
WUH,LPF,15
WUH,LZH,30
WUH,LZO,8
WUH,MIG,47
WUH,NBS,1
WUH,NGB,139
WUH,NKG,1
WUH,NNG,221
WUH,NTG,21
WUH,PEK,456
WUH,PVG,260
WUH,SHA,225
WUH,SHE,80
WUH,SQJ,7
WUH,SWA,175
WUH,SYX,193
WUH,SZX,307
WUH,TAO,200
WUH,TNA,77
WUH,TSN,135
WUH,TYN,162
WUH,URC,200
WUH,WDS,26
WUH,WEH,64
WUH,WNZ,89
WUH,WUX,15
WUH,XFN,24
WUH,XIY,311
WUH,XMN,425
WUH,XNN,35
WUH,YBP,6
WUH,YCU,1
WUH,YNT,111
WUH,YNZ,92
WUH,ZHA,18
WUH,ZUH,110
WUH,ZYI,29
WUS,CAN,13
WUS,HAK,6
WUS,HGH,17
WUS,NNG,116
WUS,PEK,87
WUS,SHA,129
WUS,SZX,35
WUS,TAO,49
WUS,TNA,4
WUS,XIY,21
WUS,XMN,196
WUS,ZUH,7
WUT,CAN,74
WUT,CKG,53
WUT,HAK,1
WUT,HRB,46
WUT,INC,36
WUT,KMG,23
WUT,KWL,8
WUT,NKG,2
WUT,PVG,32
WUT,TSN,23
WUX,CAN,493
WUX,CGQ,59
WUX,CKG,218
WUX,CSX,90
WUX,CTU,232
WUX,DLC,147
WUX,DSN,2
WUX,DYG,6
WUX,FOC,78
WUX,HAK,1
WUX,HLD,2
WUX,HRB,6
WUX,INC,23
WUX,JJN,30
WUX,KMG,70
WUX,KWE,55
WUX,KWL,6
WUX,NBS,3
WUX,NKG,1
WUX,NZH,13
WUX,PEK,149
WUX,SHE,248
WUX,SHP,1
WUX,SWA,59
WUX,SYX,75
WUX,SZX,546
WUX,TAO,87
WUX,TEN,8
WUX,TYN,28
WUX,WUH,52
WUX,XIY,214
WUX,XMN,224
WUX,YIH,1
WUX,YZY,1
WUX,ZUH,1
WUZ,CKG,61
WUZ,FOC,72
WUZ,HGH,32
WUZ,KWE,86
WUZ,KWL,69
WUZ,YIW,40
WXN,CAN,73
WXN,CKG,45
WXN,CTU,75
WXN,HAK,25
WXN,HGH,26
WXN,HRB,34
WXN,KMG,82
WXN,KWE,102
WXN,NKG,43
WXN,PEK,131
WXN,PVG,43
WXN,SZX,107
WXN,TSN,22
WXN,XIY,114
WXN,XMN,160
XFN,CAN,152
XFN,CGO,4
XFN,CKG,172
XFN,CTU,77
XFN,HAK,10
XFN,HFE,20
XFN,HGH,141
XFN,HRB,16
XFN,KMG,551
XFN,KWE,3
XFN,NAY,59
XFN,PEK,35
XFN,PVG,90
XFN,SYX,8
XFN,SZX,113
XFN,TNA,3
XFN,TSN,192
XFN,WUH,27
XFN,XIY,80
XFN,XMN,55
XFN,YIW,1
XIC,CKG,137
XIC,CTU,166
XIC,FOC,1
XIC,KMG,72
XIC,MIG,1
XIC,PEK,6
XIC,SZX,22
XIL,DLC,21
XIL,HET,253
XIL,HRB,9
XIL,NAY,121
XIL,PEK,44
XIL,TNA,5
XIL,TSN,138
XIY,ACX,17
XIY,AKU,36
XIY,AQG,17
XIY,AVA,14
XIY,AXF,35
XIY,BAV,27
XIY,BFJ,79
XIY,BHY,1
XIY,BSD,1
XIY,CAN,610
XIY,CGD,14
XIY,CGO,1
XIY,CGQ,20
XIY,CIH,3
XIY,CKG,297
XIY,CSX,253
XIY,CTU,334
XIY,CZX,93
XIY,DAT,1
XIY,DCY,18
XIY,DLC,175
XIY,DLU,2
XIY,DNH,50
XIY,DOY,22
XIY,DQA,9
XIY,DSN,125
XIY,DYG,161
XIY,ENH,50
XIY,ENY,54
XIY,FOC,147
XIY,FUG,31
XIY,GOQ,61
XIY,GXH,27
XIY,GYU,24
XIY,HAK,64
XIY,HET,121
XIY,HFE,130
XIY,HGH,494
XIY,HIA,11
XIY,HJJ,16
XIY,HMI,51
XIY,HNY,4
XIY,HRB,103
XIY,HUZ,69
XIY,HZG,124
XIY,INC,914
XIY,IQN,19
XIY,JDZ,22
XIY,JGN,65
XIY,JGS,117
XIY,JIQ,4
XIY,JJN,6
XIY,JUH,13
XIY,JZH,149
XIY,KHG,17
XIY,KHN,192
XIY,KMG,443
XIY,KRL,1
XIY,KWE,110
XIY,KWL,374
XIY,LHW,1493
XIY,LJG,172
XIY,LLB,2
XIY,LLV,18
XIY,LPF,24
XIY,LUM,4
XIY,LXA,137
XIY,LYG,21
XIY,LYI,8
XIY,LZH,64
XIY,LZO,9
XIY,MIG,2
XIY,NAO,3
XIY,NGB,158
XIY,NKG,458
XIY,NNG,129
XIY,NTG,7
XIY,PEK,451
XIY,PVG,660
XIY,RIZ,11
XIY,RLK,114
XIY,SHA,225
XIY,SHE,176
XIY,SJW,53
XIY,SYX,85
XIY,SZX,520
XIY,TAO,239
XIY,TCZ,65
XIY,TEN,14
XIY,TGO,1
XIY,THQ,140
XIY,TNA,199
XIY,TSN,347
XIY,TVS,12
XIY,TXN,9
XIY,TYN,2
XIY,UCB,3
XIY,URC,542
XIY,UYN,598
XIY,WDS,65
XIY,WNZ,106
XIY,WUA,60
XIY,WUH,234
XIY,WUS,10
XIY,WUX,190
XIY,WXN,103
XIY,XFN,28
XIY,XMN,120
XIY,XNN,538
XIY,YBP,18
XIY,YIC,13
XIY,YIH,63
XIY,YIW,3
XIY,YNT,49
XIY,YNZ,59
XIY,YTY,53
XIY,YZY,6
XIY,ZHA,13
XIY,ZHY,59
XIY,ZQZ,41
XIY,ZUH,41
XIY,ZYI,97
XMN,AQG,8
XMN,BFJ,1
XMN,CAN,517
XMN,CGD,1
XMN,CGO,484
XMN,CGQ,2
XMN,CIH,8
XMN,CKG,471
XMN,CSX,454
XMN,CTU,233
XMN,CZX,46
XMN,DAT,66
XMN,DLC,85
XMN,FOC,2
XMN,FUG,1
XMN,HAK,227
XMN,HDG,38
XMN,HET,5
XMN,HFE,221
XMN,HGH,496
XMN,HIA,25
XMN,HRB,5
XMN,HSN,221
XMN,INC,5
XMN,JDZ,11
XMN,JGS,11
XMN,JUH,72
XMN,JUZ,9
XMN,KHN,130
XMN,KMG,379
XMN,KWE,320
XMN,KWL,122
XMN,LHW,20
XMN,LYG,24
XMN,LZH,35
XMN,NAY,82
XMN,NGB,91
XMN,NKG,710
XMN,NNG,85
XMN,NNY,2
XMN,NTG,48
XMN,PEK,512
XMN,PVG,353
XMN,RIZ,17
XMN,SHA,886
XMN,SHE,27
XMN,SJW,202
XMN,SYX,120
XMN,SZX,102
XMN,TAO,254
XMN,TEN,1
XMN,TNA,379
XMN,TSN,264
XMN,TXN,17
XMN,TYN,68
XMN,WDS,10
XMN,WUH,509
XMN,WUS,181
XMN,WUX,55
XMN,WXN,31
XMN,XFN,36
XMN,XIY,147
XMN,XUZ,26
XMN,YBP,7
XMN,YIC,2
XMN,YIH,35
XMN,YIW,35
XMN,YNT,39
XMN,YNZ,33
XMN,YTY,43
XMN,ZHA,2
XMN,ZUH,127
XMN,ZYI,19
XNN,CAN,36
XNN,CGO,206
XNN,CGQ,22
XNN,CKG,70
XNN,CSX,118
XNN,CTU,133
XNN,DNH,12
XNN,DSN,15
XNN,DYG,1
XNN,ENH,11
XNN,GMQ,15
XNN,GOQ,13
XNN,HET,23
XNN,HFE,7
XNN,HGH,50
XNN,HRB,5
XNN,HXD,22
XNN,INC,15
XNN,KMG,33
XNN,KWE,103
XNN,KWL,7
XNN,LXA,83
XNN,MIG,24
XNN,NAY,11
XNN,NKG,99
XNN,PEK,193
XNN,PVG,35
XNN,SJW,4
XNN,SWA,1
XNN,SZX,128
XNN,TAO,4
XNN,TNA,1
XNN,TSN,37
XNN,TYN,22
XNN,URC,75
XNN,UYN,8
XNN,WUH,85
XNN,XIY,213
XNN,YUS,20
XNN,ZYI,32
XUZ,BPE,20
XUZ,CAN,13
XUZ,CSX,7
XUZ,CTU,87
XUZ,DLC,12
XUZ,FOC,8
XUZ,HRB,14
XUZ,INC,30
XUZ,JJN,1
XUZ,KMG,29
XUZ,KWE,22
XUZ,KWL,3
XUZ,LYG,117
XUZ,MIG,2
XUZ,NNG,3
XUZ,SHE,3
XUZ,SJW,2
XUZ,SZX,56
XUZ,TYN,2
XUZ,XMN,16
XUZ,ZUH,23
XYI,HAK,9
YBP,CAN,126
YBP,CTU,2
YBP,DLU,2
YBP,HGH,56
YBP,KMG,141
YBP,KWE,49
YBP,LHW,28
YBP,LJG,18
YBP,LXA,89
YBP,PEK,16
YBP,PVG,42
YBP,SYX,26
YBP,SZX,118
YBP,TAO,19
YBP,TYN,34
YBP,WUH,10
YBP,XIY,63
YBP,XMN,19
YCU,CAN,10
YCU,CGO,1
YCU,CKG,16
YCU,CSX,6
YCU,CTU,14
YCU,DLC,5
YCU,HAK,1
YCU,HGH,46
YCU,HRB,6
YCU,INC,9
YCU,KMG,22
YCU,KWE,3
YCU,NKG,66
YCU,NNG,1
YCU,PEK,28
YCU,PVG,75
YCU,SHA,1
YCU,SHE,3
YCU,SYX,31
YCU,SZX,21
YCU,TAO,4
YCU,TNA,1
YCU,TSN,33
YCU,URC,13
YIC,CAN,60
YIC,CTU,49
YIC,HAK,5
YIC,KMG,230
YIC,NKG,3
YIC,PEK,129
YIC,SHA,88
YIC,SYX,59
YIC,SZX,111
YIC,TAO,66
YIC,XIY,84
YIC,XMN,59
YIE,BAV,1
YIE,HET,66
YIE,HGH,2
YIE,HLH,94
YIE,HRB,5
YIE,NAY,125
YIE,NZH,63
YIE,PEK,1
YIE,TSN,1
YIH,CAN,111
YIH,CKG,1
YIH,CTU,75
YIH,CZX,27
YIH,FOC,27
YIH,HAK,26
YIH,HET,7
YIH,HGH,76
YIH,HRB,2
YIH,KMG,429
YIH,KWE,118
YIH,LHW,58
YIH,LJG,4
YIH,NGB,64
YIH,NNG,181
YIH,PEK,55
YIH,PVG,43
YIH,SHA,48
YIH,SYX,12
YIH,SZX,84
YIH,TAO,92
YIH,TNA,2
YIH,TSN,41
YIH,WNZ,5
YIH,WUX,8
YIH,XIY,145
YIH,XMN,75
YIN,CTU,8
YIN,KJI,29
YIN,KRY,130
YIN,SHF,4
YIN,URC,529
YIW,CAN,222
YIW,CGO,41
YIW,CKG,54
YIW,CTU,4
YIW,FOC,17
YIW,HFE,22
YIW,JJN,7
YIW,KMG,16
YIW,PEK,85
YIW,SHE,4
YIW,SWA,192
YIW,SYX,2
YIW,SZX,40
YIW,TSN,2
YIW,WUH,14
YIW,XIY,4
YIW,XMN,58
YIW,ZUH,86
YKH,HRB,148
YKH,JNG,10
YKH,PVG,103
YKH,SJW,16
YKH,TNA,21
YKH,YNT,2
YNJ,CGO,20
YNJ,CGQ,128
YNJ,DLC,29
YNJ,NBS,53
YNJ,PEK,40
YNJ,PVG,80
YNJ,SHE,129
YNJ,TAO,46
YNJ,TSN,26
YNJ,YNT,36
YNT,BAR,1
YNT,CAN,45
YNT,CGO,41
YNT,CGQ,82
YNT,CIF,1
YNT,CKG,1
YNT,CSX,18
YNT,CTU,20
YNT,DAT,2
YNT,DDG,2
YNT,DLC,113
YNT,DQA,5
YNT,HET,8
YNT,HFE,8
YNT,HGH,19
YNT,HLD,2
YNT,HRB,160
YNT,ICN,2
YNT,JNG,6
YNT,LYI,58
YNT,MDG,26
YNT,NBS,13
YNT,NKG,183
YNT,NTG,4
YNT,PEK,322
YNT,PUS,1
YNT,PVG,179
YNT,SHA,179
YNT,SHE,148
YNT,SJW,13
YNT,SZX,67
YNT,TAO,1
YNT,TNA,20
YNT,TSN,69
YNT,TVS,1
YNT,TYN,5
YNT,WNZ,3
YNT,WUH,59
YNT,XIY,113
YNT,XMN,106
YNT,YKH,3
YNT,YNJ,18
YNT,YNZ,29
YNZ,CAN,29
YNZ,CKG,20
YNZ,CSX,8
YNZ,DLC,17
YNZ,FOC,3
YNZ,HAK,3
YNZ,HGH,30
YNZ,HRB,14
YNZ,KWE,50
YNZ,KWL,11
YNZ,NAY,5
YNZ,NKG,193
YNZ,NTG,21
YNZ,PEK,25
YNZ,SHA,14
YNZ,SHE,24
YNZ,SZX,44
YNZ,TSN,77
YNZ,TYN,20
YNZ,WUH,21
YNZ,XIY,26
YNZ,XMN,44
YNZ,YNT,21
YTY,BAR,1
YTY,CAN,16
YTY,CGO,4
YTY,CGQ,7
YTY,CKG,28
YTY,CSX,21
YTY,CTU,15
YTY,DLC,31
YTY,HAK,40
YTY,HRB,81
YTY,KMG,3
YTY,KWE,23
YTY,LHW,15
YTY,PEK,15
YTY,SHE,123
YTY,SJW,9
YTY,SYX,20
YTY,SZX,44
YTY,TSN,42
YTY,XIY,154
YTY,XMN,86
YTY,ZUH,4
YUS,CTU,81
YUS,LXA,66
YUS,XNN,48
YZY,DNH,13
YZY,HFE,5
YZY,HGH,3
YZY,LHW,61
YZY,NGB,3
YZY,NKG,3
YZY,PVG,14
YZY,WUX,3
YZY,XIY,45
ZAT,CKG,62
ZAT,CTU,75
ZAT,KMG,123
ZAT,KWE,91
ZAT,PEK,8
ZAT,SZX,11
ZHA,CAN,542
ZHA,CGO,1
ZHA,CKG,47
ZHA,CSX,42
ZHA,CTU,8
ZHA,FUO,36
ZHA,HAK,77
ZHA,HGH,9
ZHA,KHN,6
ZHA,KMG,81
ZHA,KWE,89
ZHA,KWL,7
ZHA,LZH,14
ZHA,NKG,4
ZHA,NNG,13
ZHA,PEK,75
ZHA,PVG,110
ZHA,SHA,12
ZHA,SWA,91
ZHA,SYX,41
ZHA,SZX,21
ZHA,WUH,22
ZHA,XIY,1
ZHA,XMN,26
ZHA,ZUH,23
ZHY,CKG,1
ZHY,CTU,3
ZHY,KHN,2
ZHY,NKG,11
ZHY,PEK,25
ZHY,URC,44
ZHY,XIY,84
ZQZ,BPE,8
ZQZ,CKG,2
ZQZ,CTU,48
ZQZ,DLC,9
ZQZ,HRB,38
ZQZ,PVG,35
ZQZ,SHE,71
ZQZ,SJW,391
ZQZ,SZX,69
ZQZ,TSN,14
ZQZ,XIY,38
ZUH,BAR,7
ZUH,CGO,129
ZUH,CKG,146
ZUH,CSX,274
ZUH,CTU,4
ZUH,CZX,44
ZUH,FOC,122
ZUH,HAK,308
ZUH,HFE,65
ZUH,HGH,217
ZUH,JJN,23
ZUH,KHN,151
ZUH,KMG,167
ZUH,KWE,242
ZUH,KWL,1
ZUH,LZH,15
ZUH,MXZ,5
ZUH,NGB,29
ZUH,NKG,114
ZUH,NNG,40
ZUH,NTG,34
ZUH,PEK,456
ZUH,PVG,324
ZUH,SHA,41
ZUH,SWA,66
ZUH,SYX,264
ZUH,SZX,2
ZUH,TNA,5
ZUH,TSN,113
ZUH,URC,1
ZUH,WNZ,17
ZUH,WUH,164
ZUH,WUS,7
ZUH,WUX,11
ZUH,XIY,39
ZUH,XMN,250
ZUH,YIW,18
ZUH,YTY,10
ZUH,ZHA,6
ZYI,BHY,63
ZYI,CAN,59
ZYI,CGO,34
ZYI,CSX,27
ZYI,CTU,82
ZYI,HGH,15
ZYI,KHN,21
ZYI,KMG,55
ZYI,LHW,16
ZYI,LJG,34
ZYI,NNG,56
ZYI,PEK,22
ZYI,PVG,27
ZYI,SHA,65
ZYI,SYX,178
ZYI,SZX,121
ZYI,TAO,1
ZYI,TYN,1
ZYI,WNZ,22
ZYI,WUH,54
ZYI,XIY,115
ZYI,XMN,28
ZYI,XNN,8
ZYI,ZUH,12
